supercell_repeats,device_length_mm,pump_GHz,Idc_A,Ip0_A,band_GHz,peak_gain_db,peak_frequency_GHz,mean_in_band_gain_db,median_in_band_gain_db,ripple_peak_to_peak_db,ripple_std_db,fraction_above_15db,fraction_above_17db,fraction_above_20db,bandwidth_regions_GHz,total_3db_bandwidth_GHz,finite,minimum_in_band_gain_db,maximum_in_band_gain_db,strict_pass
2600,150.8,12.8,0.00035,0.00015,"[4.0, 8.0]",31.15267968048593,8.0,27.807926678478,26.870668094430584,6.426026099594601,2.500911315275593,1.0,1.0,1.0,"[(6.5, 8.0)]",2.0,True,24.72665358089133,31.15267968048593,False
2600,150.8,12.6,0.00035,0.00019999999999999998,"[4.0, 8.0]",36.727989019650245,6.5,33.03030427607274,32.568787214194444,7.07268251794434,2.254366627598554,1.0,1.0,1.0,"[(5.5, 5.5), (6.5, 7.5)]",2.0,True,29.655306501705905,36.727989019650245,False
2200,127.60000000000001,12.9,0.00025,0.00025,"[4.0, 8.0]",35.95761653775438,6.5,31.169454663574243,30.57886219664676,7.897555589370242,2.439201615382367,1.0,1.0,1.0,"[(4.5, 4.5), (6.5, 6.5), (7.5, 7.5)]",1.5,True,28.06006094838414,35.95761653775438,False
1800,104.4,12.8,0.00035,0.00015,"[4.0, 8.0]",33.869389395554826,8.0,28.51610800990126,28.06773733677149,8.478429573954902,2.646128650669822,1.0,1.0,1.0,"[(7.5, 8.0)]",1.0,True,25.390959821599925,33.869389395554826,False
2600,150.8,12.7,0.00025,0.00019999999999999998,"[4.0, 8.0]",37.70374379434656,7.0,32.49243278197029,32.48584928986527,10.238643967796165,3.1349204707042135,1.0,1.0,1.0,"[(6.5, 7.0)]",1.0,True,27.465099826550393,37.70374379434656,False
1400,81.2,12.6,0.00045,0.00025,"[4.0, 8.0]",40.541626838453695,5.5,33.899506039844965,33.41865940285715,10.27202312947579,3.0979474626150583,1.0,1.0,1.0,"[(5.5, 5.5)]",0.5,True,30.269603708977904,40.541626838453695,False
2200,127.60000000000001,12.6,0.00025,0.00019999999999999998,"[4.0, 8.0]",35.934367937394185,8.0,30.611070085644556,30.370882625269058,10.358937956226637,2.9354291228217013,1.0,1.0,1.0,"[(6.5, 6.5), (8.0, 8.0)]",1.0,True,25.57542998116755,35.934367937394185,False
2600,150.8,12.8,0.00025,0.00019999999999999998,"[4.0, 8.0]",38.69674455773954,8.0,32.817912971741606,32.57403031716703,11.165632770976295,2.95823586563534,1.0,1.0,1.0,"[(8.0, 8.0)]",0.5,True,27.531111786763248,38.69674455773954,False
2600,150.8,12.7,0.00025,0.00025,"[4.0, 8.0]",39.29367992973272,5.5,35.62398303254151,36.338104399495386,11.265916007908864,3.7466163187654025,1.0,1.0,1.0,"[(5.5, 5.5), (6.5, 8.0)]",2.5,True,28.027763921823855,39.29367992973272,False
2600,150.8,12.7,0.00035,0.00019999999999999998,"[4.0, 8.0]",35.71378187388533,6.5,30.73842964214735,31.980695753757256,11.574482963090794,3.702320327217204,1.0,1.0,1.0,"[(6.5, 7.0), (8.0, 8.0)]",1.5,True,24.139298910794537,35.71378187388533,False
2600,150.8,12.8,0.00035,0.00019999999999999998,"[4.0, 8.0]",38.1915178817392,6.5,32.488195629735145,30.90873662502112,11.733789978356434,4.245494657767868,1.0,1.0,1.0,"[(6.5, 6.5), (7.5, 8.0)]",1.5,True,26.457727903382768,38.1915178817392,False
2200,127.60000000000001,12.7,0.00025,0.00025,"[4.0, 8.0]",41.03547668422215,6.5,36.138450517748524,37.30210319412257,11.742590217208893,3.8839403606824208,1.0,1.0,1.0,"[(4.0, 4.0), (5.0, 5.0), (6.5, 6.5), (8.0, 8.0)]",2.0,True,29.292886467013254,41.03547668422215,False
2600,150.8,12.9,0.00035,0.00015,"[4.0, 8.0]",34.17209605666021,7.0,27.151183955703086,26.779897059829572,11.785795943544496,3.8012491969322943,1.0,1.0,1.0,"[(7.0, 7.0), (8.0, 8.0)]",1.0,True,22.386300113115713,34.17209605666021,False
2600,150.8,13.0,0.00035,0.00015,"[4.0, 8.0]",35.93174803401167,8.0,29.540988768150175,30.6403422401348,12.220673281976339,3.71341323405098,1.0,1.0,1.0,"[(8.0, 8.0)]",0.5,True,23.71107475203533,35.93174803401167,False
1800,104.4,12.6,0.00025,0.00025,"[4.0, 8.0]",40.30541940926508,6.5,35.50794284273611,36.26103267323285,12.39506929334518,4.255041146804153,1.0,1.0,1.0,"[(4.0, 4.0), (6.5, 6.5), (7.5, 8.0)]",2.0,True,27.910350115919897,40.30541940926508,False
2600,150.8,12.8,0.00025,0.00025,"[4.0, 8.0]",42.0975919256843,8.0,35.49543414748719,34.95043997704499,12.5977284109923,3.7517478504994637,1.0,1.0,1.0,"[(8.0, 8.0)]",0.5,True,29.499863514692,42.0975919256843,False
2600,150.8,12.6,0.00045,0.00015,"[4.0, 8.0]",31.136369110621956,6.0,28.14370255297028,29.454957361419346,12.661039729886056,3.6894059888778057,1.0,1.0,0.8888888888888888,"[(4.0, 4.0), (5.5, 8.0)]",3.5,True,18.4753293807359,31.136369110621956,False
1800,104.4,12.6,0.00025,0.00019999999999999998,"[4.0, 8.0]",33.8843416435355,6.5,27.46321171710322,28.20795967035093,13.169924422686812,4.056656557388501,1.0,1.0,1.0,"[(6.5, 6.5)]",0.5,True,20.714417220848688,33.8843416435355,False
2200,127.60000000000001,12.6,0.00025,0.00025,"[4.0, 8.0]",36.867768070662024,7.0,32.18673438304136,32.90984960054033,13.195130824552347,3.5518574277193764,1.0,1.0,1.0,"[(7.0, 8.0)]",1.5,True,23.672637246109677,36.867768070662024,False
1800,104.4,12.7,0.00035,0.00015,"[4.0, 8.0]",31.678764293509005,7.5,26.872533968162166,27.23696909121299,13.492699559750719,3.8457224237774015,1.0,1.0,0.8888888888888888,"[(5.0, 5.0), (7.5, 8.0)]",1.5,True,18.186064733758286,31.678764293509005,False
2600,150.8,13.0,0.00025,0.00019999999999999998,"[4.0, 8.0]",40.3208021278071,7.5,32.07672238352778,32.90614784497383,13.68551600818768,4.412194226065577,1.0,1.0,1.0,"[(7.5, 7.5)]",0.5,True,26.63528611961942,40.3208021278071,False
2200,127.60000000000001,12.7,0.00045,0.00015,"[4.0, 8.0]",34.03442094751059,6.5,28.363273472726586,30.92826304788162,13.857603993141169,4.865069756940634,1.0,1.0,1.0,"[(5.5, 5.5), (6.5, 6.5), (7.5, 8.0)]",2.0,True,20.17681695436942,34.03442094751059,False
2600,150.8,12.8,0.00045,0.00015,"[4.0, 8.0]",33.06309542340928,7.5,27.315760897270657,27.557012618203412,14.160861647333498,5.181051537876579,1.0,1.0,0.7777777777777778,"[(6.5, 8.0)]",2.0,True,18.902233776075782,33.06309542340928,False
2600,150.8,12.6,0.00025,0.00025,"[4.0, 8.0]",39.251028891358146,8.0,33.05955793790908,34.00701063633881,15.10527411351157,4.958375538132179,1.0,1.0,1.0,"[(5.5, 5.5), (7.5, 8.0)]",1.5,True,24.145754777846577,39.251028891358146,False
2200,127.60000000000001,12.6,0.00045,0.00015,"[4.0, 8.0]",33.91030346479704,8.0,27.812833512534723,26.956565183414902,15.130230005922385,4.864959530484673,1.0,1.0,0.8888888888888888,"[(6.0, 6.0), (7.5, 8.0)]",1.5,True,18.780073458874654,33.91030346479704,False
2200,127.60000000000001,12.9,0.00025,0.00019999999999999998,"[4.0, 8.0]",36.29174533332024,8.0,30.68408544321626,31.909596974639225,15.186315080545768,5.048880198022018,1.0,1.0,1.0,"[(4.5, 4.5), (6.0, 6.0), (7.0, 7.0), (8.0, 8.0)]",2.0,True,21.105430252774475,36.29174533332024,False
2200,127.60000000000001,12.7,0.00025,0.00019999999999999998,"[4.0, 8.0]",38.514039283803385,7.5,33.206380948090334,34.405813100214345,15.209563194621282,4.516040027459031,1.0,1.0,1.0,"[(7.0, 8.0)]",1.5,True,23.304476089182103,38.514039283803385,False
2600,150.8,12.9,0.00045,0.00015,"[4.0, 8.0]",33.54883068454172,7.5,27.31567491483473,29.55671441758026,15.295553618685453,5.892775311079338,1.0,1.0,0.7777777777777778,"[(4.0, 4.5), (6.5, 6.5), (7.5, 7.5)]",2.0,True,18.253277065856267,33.54883068454172,False
2200,127.60000000000001,13.0,0.00025,0.00015,"[4.0, 8.0]",35.98567507506917,7.5,27.445151448618574,25.785834407978648,16.27133339010754,4.9327247948629935,1.0,1.0,0.8888888888888888,"[(7.5, 7.5)]",0.5,True,19.714341684961628,35.98567507506917,False
2600,150.8,12.7,0.00045,0.00015,"[4.0, 8.0]",34.19317685487732,6.5,28.182353766147028,29.413880217494818,16.28662105994322,5.370238362133728,1.0,1.0,0.8888888888888888,"[(6.5, 8.0)]",2.0,True,17.906555794934103,34.19317685487732,False
1400,81.2,12.6,0.00025,0.00019999999999999998,"[4.0, 8.0]",37.35063996193181,6.5,29.45784057397341,29.74127389845753,16.509402422885376,4.917179915843426,1.0,1.0,1.0,"[(6.5, 6.5)]",0.5,True,20.841237539046436,37.35063996193181,False
2600,150.8,13.0,0.00025,0.00025,"[4.0, 8.0]",43.80961459908403,8.0,36.330284323479155,34.52888806028815,17.122758433141428,5.478643583920908,1.0,1.0,1.0,"[(7.5, 8.0)]",1.0,True,26.6868561659426,43.80961459908403,False
2200,127.60000000000001,12.8,0.00025,0.00019999999999999998,"[4.0, 8.0]",39.085229348513366,8.0,32.266956839627284,33.34259536695455,18.439137277616496,5.426089055158264,1.0,1.0,1.0,"[(7.0, 8.0)]",1.5,True,20.64609207089687,39.085229348513366,False
2200,127.60000000000001,12.6,0.00035,0.00019999999999999998,"[4.0, 8.0]",37.52191159750813,8.0,28.11127439989646,29.15016172732833,18.448203934143436,6.215887853342043,1.0,1.0,0.8888888888888888,"[(6.5, 6.5), (8.0, 8.0)]",1.0,True,19.073707663364694,37.52191159750813,False
2200,127.60000000000001,12.7,0.00035,0.00019999999999999998,"[4.0, 8.0]",36.70247414329522,6.5,31.024372628222018,33.31923720966648,18.451742199278893,6.204628896321401,1.0,1.0,0.8888888888888888,"[(4.5, 5.0), (6.0, 6.5)]",2.0,True,18.250731944016326,36.70247414329522,False
1800,104.4,12.7,0.00025,0.00025,"[4.0, 8.0]",40.32237854317623,8.0,33.8172793491178,34.204317227639166,18.79354023294022,5.537156011325716,1.0,1.0,1.0,"[(6.5, 6.5), (8.0, 8.0)]",1.0,True,21.528838310236008,40.32237854317623,False
2600,150.8,12.9,0.00035,0.00019999999999999998,"[4.0, 8.0]",39.34988198672995,8.0,31.53841712481217,30.401375983540095,19.029732296806184,5.179872670476056,1.0,1.0,1.0,"[(8.0, 8.0)]",0.5,True,20.320149689923763,39.34988198672995,False
1400,81.2,12.8,0.00045,0.00025,"[4.0, 8.0]",41.75062483571136,6.0,33.48255572257734,36.61664801001955,20.313697786307188,6.816787549012943,1.0,1.0,1.0,"[(5.0, 5.0), (6.0, 6.0)]",1.0,True,21.436927049404176,41.75062483571136,False
2600,150.8,12.9,0.00025,0.00025,"[4.0, 8.0]",41.677072552225425,8.0,33.76487899144376,35.659908009219855,24.713310096458365,7.316292453280962,1.0,0.8888888888888888,0.8888888888888888,"[(5.5, 6.0), (8.0, 8.0)]",1.5,True,16.96376245576706,41.677072552225425,False
2600,150.8,13.0,0.00045,9.999999999999999e-05,"[4.0, 8.0]",24.940447196989158,4.5,20.869576230826762,21.137627804564552,8.245199576432562,2.187037887429054,1.0,0.8888888888888888,0.7777777777777778,"[(4.5, 5.0)]",1.0,True,16.695247620556597,24.940447196989158,False
2200,127.60000000000001,12.8,0.00025,0.00025,"[4.0, 8.0]",42.99180226595641,7.5,31.360242421270627,33.4207435062807,26.78184412140842,7.795108494787477,1.0,0.8888888888888888,0.8888888888888888,"[(7.5, 7.5)]",0.5,True,16.20995814454799,42.99180226595641,False
2600,150.8,12.6,0.00035,0.00015,"[4.0, 8.0]",30.709917340525195,6.5,22.920887909948565,23.165276301732355,14.507930596300884,4.412344317663026,1.0,0.8888888888888888,0.6666666666666666,"[(4.0, 4.0), (6.5, 6.5)]",1.0,True,16.20198674422431,30.709917340525195,False
1800,104.4,12.8,0.00025,0.00019999999999999998,"[4.0, 8.0]",33.13013648054828,7.0,27.950669099377386,30.12784264353997,17.16687295897479,5.844030093670359,1.0,0.8888888888888888,0.7777777777777778,"[(4.0, 4.0), (6.0, 6.0), (7.0, 7.0), (8.0, 8.0)]",2.0,True,15.963263521573491,33.13013648054828,False
1400,81.2,12.7,0.00045,0.00025,"[4.0, 8.0]",42.40250696887364,8.0,31.974686801382532,33.732759160067346,26.752852808133085,7.110874916983051,1.0,0.8888888888888888,0.8888888888888888,"[(8.0, 8.0)]",0.5,True,15.649654160740553,42.40250696887364,False
2200,127.60000000000001,12.7,0.00035,0.00015,"[4.0, 8.0]",34.80718730632424,6.5,26.157348769514133,27.766642330361503,19.35142587440108,5.532176040536882,1.0,0.8888888888888888,0.7777777777777778,"[(6.5, 6.5)]",0.5,True,15.455761431923156,34.80718730632424,False
2600,150.8,12.9,0.00025,0.00019999999999999998,"[4.0, 8.0]",39.66782547789081,8.0,28.385248862151613,29.097776021535307,24.75700750551644,7.296359371179404,0.8888888888888888,0.8888888888888888,0.7777777777777778,"[(8.0, 8.0)]",0.5,True,14.910817972374366,39.66782547789081,False
2600,150.8,12.6,0.00025,0.00019999999999999998,"[4.0, 8.0]",31.222514368186452,4.0,23.74645805058957,26.3487352228665,16.376611070582843,5.927941868576294,0.8888888888888888,0.8888888888888888,0.5555555555555556,"[(4.0, 4.5), (6.5, 6.5), (8.0, 8.0)]",2.0,True,14.84590329760361,31.222514368186452,False
2200,127.60000000000001,12.8,0.00035,0.00015,"[4.0, 8.0]",35.87065601502674,8.0,27.777042811480687,29.428299733065963,21.804846751777575,6.057854345598165,0.8888888888888888,0.8888888888888888,0.8888888888888888,"[(6.0, 6.0), (8.0, 8.0)]",1.0,True,14.065809263249163,35.87065601502674,False
1800,104.4,12.7,0.00025,0.00019999999999999998,"[4.0, 8.0]",37.24767975667933,8.0,29.30473854170047,31.946463198762803,24.757465411794517,8.078721244913185,0.8888888888888888,0.8888888888888888,0.7777777777777778,"[(4.0, 4.5), (7.0, 7.0), (8.0, 8.0)]",2.0,True,12.490214344884816,37.24767975667933,False
2200,127.60000000000001,12.8,0.00045,0.00015,"[4.0, 8.0]",35.834226727912245,7.5,28.441034214126695,28.8306786277089,26.71890520452692,7.6436660770419405,0.8888888888888888,0.8888888888888888,0.8888888888888888,"[(6.5, 6.5), (7.5, 8.0)]",1.5,True,9.115321523385328,35.834226727912245,False
2200,127.60000000000001,12.6,0.00035,0.00015,"[4.0, 8.0]",29.326687742813725,4.0,21.907544025942567,22.61573808626744,21.314761135962,6.0039188761480675,0.8888888888888888,0.8888888888888888,0.7777777777777778,"[(4.0, 4.0), (6.5, 6.5), (7.5, 7.5)]",1.5,True,8.011926606851723,29.326687742813725,False
2200,127.60000000000001,12.9,0.00045,0.00015,"[4.0, 8.0]",34.16035508654401,7.0,25.403762342761695,28.297504615396942,26.472348187061744,7.880184441469032,0.8888888888888888,0.8888888888888888,0.7777777777777778,"[(6.5, 7.5)]",1.5,True,7.6880068994822635,34.16035508654401,False
2600,150.8,12.8,0.00035,0.00025,"[4.0, 8.0]",41.5093719299096,7.5,30.504901767896147,30.93552318156071,34.87714882799792,9.951704153370413,0.8888888888888888,0.8888888888888888,0.8888888888888888,"[(7.5, 8.0)]",1.0,True,6.632223101911677,41.5093719299096,False
2600,150.8,13.0,0.00045,0.00015,"[4.0, 8.0]",36.48106956216092,7.5,26.44895329633759,24.864781404603175,29.852033360496765,9.166640453889434,0.8888888888888888,0.8888888888888888,0.7777777777777778,"[(5.5, 5.5), (6.5, 6.5), (7.5, 8.0)]",2.0,True,6.629036201664153,36.48106956216092,False
2600,150.8,13.0,0.00035,0.00019999999999999998,"[4.0, 8.0]",36.62437296728651,8.0,26.852789029008196,28.178728929359647,30.651483709464816,8.582918497166796,0.8888888888888888,0.8888888888888888,0.8888888888888888,"[(6.5, 6.5), (8.0, 8.0)]",1.0,True,5.972889257821695,36.62437296728651,False
2200,127.60000000000001,12.9,0.00035,0.00019999999999999998,"[4.0, 8.0]",35.86843259051605,7.5,27.00869826218909,27.152467850560924,29.934546024525808,9.050806814040493,0.8888888888888888,0.8888888888888888,0.8888888888888888,"[(4.5, 4.5), (6.5, 6.5), (7.5, 8.0)]",2.0,True,5.933886565990244,35.86843259051605,False
2200,127.60000000000001,12.8,0.00035,0.00019999999999999998,"[4.0, 8.0]",36.59306871368742,6.0,30.686165623603618,33.77786746810324,30.734382292833036,9.20068928787299,0.8888888888888888,0.8888888888888888,0.8888888888888888,"[(6.0, 8.0)]",2.5,True,5.8586864208543865,36.59306871368742,False
2600,150.8,12.9,0.00035,0.00025,"[4.0, 8.0]",40.9803575059057,8.0,30.672586138243357,33.76691612116992,37.12926538768392,10.753577418930933,0.8888888888888888,0.8888888888888888,0.8888888888888888,"[(4.5, 4.5), (8.0, 8.0)]",1.0,True,3.851092118221779,40.9803575059057,False
1800,104.4,12.8,0.00025,0.00025,"[4.0, 8.0]",40.26234234294804,7.5,31.274124733592107,33.77313360679893,36.70632332648591,10.559616498946724,0.8888888888888888,0.8888888888888888,0.8888888888888888,"[(7.0, 7.5)]",1.0,True,3.5560190164621326,40.26234234294804,False
2200,127.60000000000001,13.0,0.00025,0.00019999999999999998,"[4.0, 8.0]",39.06008442330379,7.5,32.78151513792042,37.620173511402434,35.67097389893222,10.739442038169392,0.8888888888888888,0.8888888888888888,0.8888888888888888,"[(5.0, 5.0), (6.0, 6.0), (7.0, 8.0)]",2.5,True,3.3891105243715707,39.06008442330379,False
2600,150.8,12.9,0.00045,0.00019999999999999998,"[4.0, 8.0]",38.86769060530246,8.0,30.542931291109962,34.915885505596535,36.104755204209134,10.341322729153399,0.8888888888888888,0.8888888888888888,0.8888888888888888,"[(7.5, 8.0)]",1.0,True,2.762935401093325,38.86769060530246,False
1800,104.4,12.6,0.00035,0.00019999999999999998,"[4.0, 8.0]",34.55241362383285,7.0,28.127768472586514,33.02900923731794,32.56939424763184,9.777257621437172,0.8888888888888888,0.8888888888888888,0.8888888888888888,"[(4.5, 4.5), (6.0, 6.0), (7.0, 8.0)]",2.5,True,1.9830193762010049,34.55241362383285,False
2200,127.60000000000001,12.9,0.00035,0.00025,"[4.0, 8.0]",41.214185870067254,7.5,29.728511039032217,32.51704175565956,39.30922254362675,10.468845631847316,0.8888888888888888,0.8888888888888888,0.8888888888888888,"[(7.5, 7.5)]",0.5,True,1.9049633264405013,41.214185870067254,False
1800,104.4,12.9,0.00025,0.00019999999999999998,"[4.0, 8.0]",35.60063036471527,6.5,27.879957417851788,31.425390168603936,33.71088014984467,10.20654404856016,0.8888888888888888,0.8888888888888888,0.8888888888888888,"[(5.5, 6.5), (8.0, 8.0)]",2.0,True,1.8897502148706034,35.60063036471527,False
1800,104.4,12.8,0.00035,0.00019999999999999998,"[4.0, 8.0]",37.65572368443242,7.5,28.93008040672483,35.02933741904458,36.11810186363272,11.357449251129674,0.8888888888888888,0.8888888888888888,0.7777777777777778,"[(5.0, 5.0), (6.5, 8.0)]",2.5,True,1.5376218207996997,37.65572368443242,False
1400,81.2,12.8,0.00025,0.00015,"[4.0, 8.0]",33.09853781997039,7.0,26.40449883041848,29.736968823586754,31.562099745215153,9.327762439407298,0.8888888888888888,0.8888888888888888,0.8888888888888888,"[(5.0, 5.5), (7.0, 7.5)]",2.0,True,1.536438074755234,33.09853781997039,False
2600,150.8,13.0,0.00035,0.00025,"[4.0, 8.0]",39.40768613531218,6.5,30.583231499263622,35.429661950857295,37.877666972087354,10.974763246209822,0.8888888888888888,0.8888888888888888,0.8888888888888888,"[(6.5, 7.0), (8.0, 8.0)]",1.5,True,1.5300191632248281,39.40768613531218,False
1800,104.4,12.7,0.00045,0.00015,"[4.0, 8.0]",33.7201053063758,7.5,25.02073735596794,26.652182564976393,32.2843936042493,9.12146621263245,0.8888888888888888,0.8888888888888888,0.8888888888888888,"[(7.0, 7.5)]",1.0,True,1.4357117021264965,33.7201053063758,False
1800,104.4,12.7,0.00035,0.00019999999999999998,"[4.0, 8.0]",38.331172690920376,8.0,28.959129730242108,32.83402395578222,36.917482765255336,10.546290928560614,0.8888888888888888,0.8888888888888888,0.8888888888888888,"[(5.5, 5.5), (8.0, 8.0)]",1.0,True,1.4136899256650404,38.331172690920376,False
2200,127.60000000000001,13.0,0.00035,0.00015,"[4.0, 8.0]",37.361458858282134,8.0,26.880156843976057,29.760052586507186,36.08911814651406,9.894141400290968,0.8888888888888888,0.8888888888888888,0.8888888888888888,"[(8.0, 8.0)]",0.5,True,1.2723407117680707,37.361458858282134,False
1400,81.2,12.7,0.00025,0.00019999999999999998,"[4.0, 8.0]",33.99254719531922,5.5,27.248422871062342,31.42466457113322,32.88720781687665,9.919002122290106,0.8888888888888888,0.8888888888888888,0.8888888888888888,"[(4.5, 4.5), (5.5, 6.0), (7.5, 8.0)]",2.5,True,1.1053393784425651,33.99254719531922,False
1400,81.2,12.8,0.00045,9.999999999999999e-05,"[4.0, 8.0]",29.13893669043093,7.0,22.833805553359465,25.73933855856868,28.17704839894068,8.287668758428945,0.8888888888888888,0.8888888888888888,0.7777777777777778,"[(5.5, 6.0), (7.0, 7.0)]",1.5,True,0.9618882914902498,29.13893669043093,False
1800,104.4,12.9,0.00035,0.00015,"[4.0, 8.0]",36.42569927411205,8.0,23.62772603476381,24.72215231241748,35.622067193642344,9.74538969043234,0.8888888888888888,0.8888888888888888,0.6666666666666666,"[(8.0, 8.0)]",0.5,True,0.8036320804697045,36.42569927411205,False
1800,104.4,12.8,0.00045,0.00015,"[4.0, 8.0]",30.526444146655628,8.0,22.25324951183723,24.09128660971312,29.86062179933329,8.305508071860059,0.8888888888888888,0.8888888888888888,0.8888888888888888,"[(6.5, 6.5), (8.0, 8.0)]",1.0,True,0.6658223473223368,30.526444146655628,False
2200,127.60000000000001,13.0,0.00025,0.00025,"[4.0, 8.0]",40.56172701444457,6.0,33.83395131498815,36.169356957126844,40.00742271624656,11.916188192378831,0.8888888888888888,0.8888888888888888,0.8888888888888888,"[(5.5, 6.0), (7.5, 8.0)]",2.0,True,0.5543042981980126,40.56172701444457,False
2600,150.8,12.8,0.00045,0.00019999999999999998,"[4.0, 8.0]",38.933344764640275,7.5,29.791869528475704,34.227232751485474,38.40755080723465,11.188722942092594,0.8888888888888888,0.8888888888888888,0.8888888888888888,"[(7.5, 8.0)]",1.0,True,0.5257939574056261,38.933344764640275,False
1800,104.4,13.0,0.00025,0.00015,"[4.0, 8.0]",36.74801728143731,7.5,26.566036724441457,27.59189050351732,36.384007261536105,10.023902322680922,0.8888888888888888,0.8888888888888888,0.8888888888888888,"[(7.5, 8.0)]",1.0,True,0.3640100199012116,36.74801728143731,False
2600,150.8,12.7,0.00045,0.00019999999999999998,"[4.0, 8.0]",38.85646836534582,8.0,29.420639547788962,31.052310184137717,38.569644879900885,10.95880091704006,0.8888888888888888,0.8888888888888888,0.8888888888888888,"[(6.0, 6.0), (7.5, 8.0)]",1.5,True,0.28682348544493247,38.85646836534582,False
1800,104.4,12.9,0.00025,0.00025,"[4.0, 8.0]",41.39060750308532,8.0,29.13096306900147,30.42532736150828,41.15889859785682,12.95362991797854,0.8888888888888888,0.8888888888888888,0.7777777777777778,"[(6.0, 6.5), (7.5, 8.0)]",2.0,True,0.2317089052285047,41.39060750308532,False
2600,150.8,12.7,0.00035,0.00025,"[4.0, 8.0]",40.625716908860895,7.5,31.24713173870337,35.414915711007666,40.51381142952093,11.746048586544944,0.8888888888888888,0.8888888888888888,0.8888888888888888,"[(6.0, 6.0), (7.5, 7.5)]",1.0,True,0.11190547933996929,40.625716908860895,False
1400,81.2,12.8,0.00025,0.00019999999999999998,"[4.0, 8.0]",38.79501850495902,7.5,28.223328784180783,33.026336370451745,39.2191009633384,11.904319342849542,0.8888888888888888,0.8888888888888888,0.8888888888888888,"[(5.0, 5.0), (6.5, 6.5), (7.5, 8.0)]",2.0,True,-0.4240824583793782,38.79501850495902,False
1800,104.4,12.6,0.00035,0.00015,"[4.0, 8.0]",31.225785255038616,6.5,23.189164320687226,23.89037896277738,17.260059535817163,5.473400429470366,0.8888888888888888,0.7777777777777778,0.6666666666666666,"[(6.5, 7.0)]",1.0,True,13.965725719221451,31.225785255038616,False
2200,127.60000000000001,12.9,0.00035,0.00015,"[4.0, 8.0]",29.739771420953957,6.5,22.67160566975604,24.970585520702414,21.210206120085488,7.570945622964586,0.7777777777777778,0.7777777777777778,0.7777777777777778,"[(4.5, 4.5), (6.0, 6.5)]",1.5,True,8.529565300868471,29.739771420953957,False
1800,104.4,12.6,0.00045,0.00015,"[4.0, 8.0]",33.47076457975725,7.0,22.97237934286038,25.94028895531505,30.174300334642673,8.887036549671683,0.8888888888888888,0.7777777777777778,0.6666666666666666,"[(7.0, 7.0)]",0.5,True,3.2964642451145796,33.47076457975725,False
2200,127.60000000000001,13.0,0.00035,0.00025,"[4.0, 8.0]",42.118553745045524,7.5,29.599226014329954,34.6283355212247,39.289656931330214,13.581284935561111,0.7777777777777778,0.7777777777777778,0.7777777777777778,"[(6.0, 6.0), (7.5, 7.5)]",1.0,True,2.828896813715309,42.118553745045524,False
2200,127.60000000000001,13.0,0.00035,0.00019999999999999998,"[4.0, 8.0]",41.104745098099755,7.5,27.94404007097335,33.82557129806942,38.57903837052987,13.567603215141888,0.7777777777777778,0.7777777777777778,0.7777777777777778,"[(7.5, 7.5)]",0.5,True,2.5257067275698795,41.104745098099755,False
1800,104.4,13.0,0.00035,0.00015,"[4.0, 8.0]",37.367520903857255,8.0,25.320518143645238,30.79988301373184,35.04115379862824,12.408386097371773,0.7777777777777778,0.7777777777777778,0.7777777777777778,"[(8.0, 8.0)]",0.5,True,2.3263671052290196,37.367520903857255,False
1800,104.4,13.0,0.00025,0.00019999999999999998,"[4.0, 8.0]",40.360632068950096,7.5,25.825363874891806,31.709223906599682,38.60084232000666,13.503114115952199,0.7777777777777778,0.7777777777777778,0.7777777777777778,"[(7.5, 8.0)]",1.0,True,1.7597897489434313,40.360632068950096,False
2200,127.60000000000001,13.0,0.00045,9.999999999999999e-05,"[4.0, 8.0]",27.950533894413056,7.5,19.703007479472827,21.479953223854928,26.194056552931,7.16493145709548,0.8888888888888888,0.7777777777777778,0.6666666666666666,"[(7.5, 7.5)]",0.5,True,1.756477341482057,27.950533894413056,False
1400,81.2,12.9,0.00025,0.00019999999999999998,"[4.0, 8.0]",37.13214190861269,7.5,26.98246735079768,34.64764560431323,35.69778874508932,13.757550881226061,0.7777777777777778,0.7777777777777778,0.7777777777777778,"[(5.0, 5.0), (6.0, 6.0), (7.0, 8.0)]",2.5,True,1.4343531635233677,37.13214190861269,False
2200,127.60000000000001,13.0,0.00045,0.00015,"[4.0, 8.0]",37.99468621863365,8.0,26.395055926614596,31.910510233236376,36.57961317572734,12.905724533599994,0.7777777777777778,0.7777777777777778,0.7777777777777778,"[(6.0, 6.0), (8.0, 8.0)]",1.0,True,1.4150730429063123,37.99468621863365,False
1800,104.4,12.9,0.00035,0.00019999999999999998,"[4.0, 8.0]",38.421980690688486,7.5,25.108701200220217,27.732068168294187,37.069368772849835,12.99132967631624,0.7777777777777778,0.7777777777777778,0.7777777777777778,"[(5.5, 6.0), (7.5, 7.5)]",1.5,True,1.3526119178386478,38.421980690688486,False
1400,81.2,12.7,0.00035,0.00015,"[4.0, 8.0]",31.75743590870478,6.5,23.08498427305203,27.30734363696635,30.77461931315345,9.579065972858237,0.8888888888888888,0.7777777777777778,0.6666666666666666,"[(5.0, 5.0), (6.5, 6.5), (7.5, 8.0)]",2.0,True,0.9828165955513295,31.75743590870478,False
1400,81.2,12.7,0.00025,0.00025,"[4.0, 8.0]",40.75712877619024,8.0,24.189308142503698,29.73548163106518,40.019139838836296,13.386299561903746,0.7777777777777778,0.7777777777777778,0.6666666666666666,"[(8.0, 8.0)]",0.5,True,0.737988937353944,40.75712877619024,False
2600,150.8,13.0,0.00045,0.00019999999999999998,"[4.0, 8.0]",40.0151788996335,7.5,27.876752748820095,33.091382673356236,39.31254918288576,13.200813047169525,0.7777777777777778,0.7777777777777778,0.7777777777777778,"[(6.5, 6.5), (7.5, 7.5)]",1.0,True,0.7026297167477373,40.0151788996335,False
1400,81.2,12.6,0.00035,0.00015,"[4.0, 8.0]",33.61200779009963,6.5,26.039188150964915,30.025756920121083,33.02144868554158,10.120060501226325,0.8888888888888888,0.7777777777777778,0.7777777777777778,"[(6.5, 8.0)]",2.0,True,0.5905591045580556,33.61200779009963,False
2200,127.60000000000001,12.8,0.00035,0.00025,"[4.0, 8.0]",41.586869623974955,7.5,26.70845777800809,35.230294249571465,41.224016202887746,15.382315702213825,0.7777777777777778,0.7777777777777778,0.6666666666666666,"[(6.0, 6.0), (7.5, 7.5)]",1.0,True,0.36285342108720986,41.586869623974955,False
1800,104.4,12.9,0.00045,0.00015,"[4.0, 8.0]",35.87326524005627,8.0,23.225594153784765,29.872873490331862,35.5126870996193,12.487496268704886,0.7777777777777778,0.7777777777777778,0.6666666666666666,"[(5.5, 5.5), (8.0, 8.0)]",1.0,True,0.36057814043697156,35.87326524005627,False
1800,104.4,13.0,0.00045,9.999999999999999e-05,"[4.0, 8.0]",31.84559360456245,7.5,21.429357897148556,28.26094756444197,31.58461972793381,11.371637754485175,0.7777777777777778,0.7777777777777778,0.6666666666666666,"[(5.5, 5.5), (6.5, 6.5), (7.5, 8.0)]",2.0,True,0.2609738766286391,31.84559360456245,False
1800,104.4,13.0,0.00025,0.00025,"[4.0, 8.0]",42.586226013167604,7.5,29.598026211865164,36.70945536517185,42.43700555475711,15.207388558110479,0.7777777777777778,0.7777777777777778,0.7777777777777778,"[(5.5, 5.5), (7.5, 7.5)]",1.0,True,0.14922045841049963,42.586226013167604,False
1400,81.2,12.8,0.00035,0.00015,"[4.0, 8.0]",32.76259962892661,8.0,22.979718288150444,28.826035845110933,32.94340546207475,12.30822743290617,0.7777777777777778,0.7777777777777778,0.7777777777777778,"[(5.5, 5.5), (6.5, 6.5), (7.5, 8.0)]",2.0,True,-0.18080583314813997,32.76259962892661,False
2200,127.60000000000001,12.9,0.00045,0.00019999999999999998,"[4.0, 8.0]",38.31912972657321,7.5,25.153878533095842,32.36132217251585,36.21278431269826,12.8200170188585,0.7777777777777778,0.6666666666666666,0.6666666666666666,"[(7.0, 8.0)]",1.5,True,2.10634541387495,38.31912972657321,False
1400,81.2,12.9,0.00035,0.00015,"[4.0, 8.0]",32.031706834051654,7.5,20.22257507872963,24.368151491996,30.50455970394617,10.539218258559503,0.7777777777777778,0.6666666666666666,0.6666666666666666,"[(5.5, 5.5), (7.5, 7.5)]",1.0,True,1.527147130105484,32.031706834051654,False
1400,81.2,13.0,0.00025,0.00019999999999999998,"[4.0, 8.0]",37.05286580730188,7.5,24.526473282768052,32.598789320444176,35.67408854705401,13.739202138165638,0.6666666666666666,0.6666666666666666,0.6666666666666666,"[(6.0, 6.0), (7.0, 7.5)]",1.5,True,1.378777260247865,37.05286580730188,False
1400,81.2,12.9,0.00025,0.00025,"[4.0, 8.0]",40.68533609328398,7.5,24.584337016452896,32.96301114205653,39.62677263057077,16.338422660262385,0.6666666666666666,0.6666666666666666,0.6666666666666666,"[(6.0, 6.0), (7.0, 7.5)]",1.5,True,1.0585634627132126,40.68533609328398,False
1400,81.2,12.9,0.00025,0.00015,"[4.0, 8.0]",31.451361811851264,7.0,18.95043756048841,22.752079085232005,30.706457705837632,10.52502861252524,0.6666666666666666,0.6666666666666666,0.6666666666666666,"[(7.0, 7.0)]",0.5,True,0.7449041060136312,31.451361811851264,False
1400,81.2,12.6,0.00025,0.00025,"[4.0, 8.0]",40.363181542549825,6.5,23.95655207750706,27.307687341696266,39.737182929871274,14.342410913105166,0.7777777777777778,0.6666666666666666,0.6666666666666666,"[(5.5, 5.5), (6.5, 7.0)]",1.5,True,0.6259986126785502,40.363181542549825,False
1400,81.2,12.9,0.00045,9.999999999999999e-05,"[4.0, 8.0]",29.08750524552027,7.0,18.36113456787088,20.687850795815756,29.085281721876225,10.448228130654783,0.7777777777777778,0.6666666666666666,0.6666666666666666,"[(6.0, 6.0), (7.0, 7.0), (8.0, 8.0)]",1.5,True,0.0022235236440441633,29.08750524552027,False
1400,81.2,12.8,0.00025,0.00025,"[4.0, 8.0]",42.04246316150818,6.5,22.67354659037482,33.02642968656385,42.12506708223744,16.032014918416593,0.6666666666666666,0.6666666666666666,0.5555555555555556,"[(6.5, 6.5)]",0.5,True,-0.08260392072926062,42.04246316150818,False
1400,81.2,13.0,0.00035,0.00019999999999999998,"[4.0, 8.0]",38.69264806672807,7.5,20.59894950883495,26.85352486386057,39.09655726315384,14.470243071578444,0.6666666666666666,0.6666666666666666,0.5555555555555556,"[(7.5, 7.5)]",0.5,True,-0.40390919642577544,38.69264806672807,False
1400,81.2,13.0,0.00025,0.00015,"[4.0, 8.0]",34.05587977078531,8.0,22.71214767996685,29.043966022647947,34.51642388449163,12.927897151937914,0.7777777777777778,0.6666666666666666,0.6666666666666666,"[(6.0, 6.0), (7.0, 7.0), (8.0, 8.0)]",1.5,True,-0.4605441137063222,34.05587977078531,False
1400,81.2,13.0,0.00045,9.999999999999999e-05,"[4.0, 8.0]",25.631208699931637,7.0,15.404274868851344,21.103198101003787,26.24962837770617,9.357058396500843,0.6666666666666666,0.6666666666666666,0.5555555555555556,"[(6.0, 6.0), (7.0, 7.0)]",1.0,True,-0.6184196777745326,25.631208699931637,False
1400,81.2,13.0,0.00025,0.00025,"[4.0, 8.0]",40.32063633524666,6.0,22.74283316266363,30.93095802736807,41.83195701775749,16.062691840120827,0.6666666666666666,0.6666666666666666,0.5555555555555556,"[(6.0, 6.0), (7.0, 7.5)]",1.5,True,-1.5113206825108314,40.32063633524666,False
1400,81.2,12.7,0.00045,0.00015,"[4.0, 8.0]",32.209911460973146,6.5,17.96435757924898,24.00220344234787,37.64861609171181,13.724521661036908,0.6666666666666666,0.6666666666666666,0.6666666666666666,"[(6.5, 6.5), (7.5, 7.5)]",1.0,True,-5.438704630738665,32.209911460973146,False
1800,104.4,13.0,0.00035,0.00025,"[4.0, 8.0]",42.52269092030512,5.5,23.666775129482343,35.18939715338072,58.97028545370153,20.39422631009662,0.6666666666666666,0.6666666666666666,0.6666666666666666,"[(5.5, 6.0), (7.5, 7.5)]",1.5,True,-16.447594533396405,42.52269092030512,False
2600,150.8,12.7,0.00035,0.00015,"[4.0, 8.0]",28.84913223164688,6.0,18.578253413562436,17.000433077604953,18.433895156078858,5.751875163175825,0.6666666666666666,0.5555555555555556,0.4444444444444444,"[(6.0, 6.5)]",1.0,True,10.415237075568022,28.84913223164688,False
1800,104.4,13.0,0.00035,0.00019999999999999998,"[4.0, 8.0]",37.094424898590866,5.5,20.93272981641898,28.473317501821796,36.171991776683505,14.397730210893576,0.5555555555555556,0.5555555555555556,0.5555555555555556,"[(5.5, 5.5), (7.0, 7.5)]",1.5,True,0.9224331219073634,37.094424898590866,False
1400,81.2,13.0,0.00035,0.00015,"[4.0, 8.0]",31.72041296144823,7.5,15.914705769044234,20.59952794142761,31.19154790043841,13.022334220820712,0.5555555555555556,0.5555555555555556,0.5555555555555556,"[(6.5, 6.5), (7.5, 7.5)]",1.0,True,0.528865061009819,31.72041296144823,False
2200,127.60000000000001,12.9,0.00045,0.00025,"[4.0, 8.0]",39.109618741522965,6.0,21.267344057531133,32.33858030892694,39.108605710364984,17.527043093997133,0.5555555555555556,0.5555555555555556,0.5555555555555556,"[(6.0, 7.5)]",2.0,True,0.0010130311579847838,39.109618741522965,False
1400,81.2,12.8,0.00045,0.00015,"[4.0, 8.0]",29.26427047695612,6.0,15.124145767168212,19.62298324252051,29.520774378324216,12.743843236127429,0.5555555555555556,0.5555555555555556,0.4444444444444444,"[(5.5, 7.0)]",2.0,True,-0.25650390136809437,29.26427047695612,False
2200,127.60000000000001,13.0,0.00045,0.00019999999999999998,"[4.0, 8.0]",37.94138666754466,6.5,18.18215179409914,25.116512444804137,38.438938058483245,14.966921601344271,0.5555555555555556,0.5555555555555556,0.5555555555555556,"[(6.0, 6.5)]",1.0,True,-0.4975513909385854,37.94138666754466,False
1400,81.2,13.0,0.00045,0.00025,"[4.0, 8.0]",37.52796231164312,8.0,17.373578248926304,18.763946977269438,38.336856608118204,14.184795174443234,0.6666666666666666,0.5555555555555556,0.4444444444444444,"[(8.0, 8.0)]",0.5,True,-0.8088942964750792,37.52796231164312,False
2600,150.8,12.9,0.00045,0.00025,"[4.0, 8.0]",38.781929975077574,6.0,20.888818403887182,31.266104587914466,39.774490701888816,16.926566854903484,0.5555555555555556,0.5555555555555556,0.5555555555555556,"[(5.5, 6.0), (7.5, 7.5)]",1.5,True,-0.9925607268112434,38.781929975077574,False
1800,104.4,12.8,0.00035,0.00025,"[4.0, 8.0]",40.67732108617094,7.5,21.4695445345002,32.05966978332363,42.11529135155511,17.232183017060432,0.5555555555555556,0.5555555555555556,0.5555555555555556,"[(6.0, 6.0), (7.5, 7.5)]",1.0,True,-1.4379702653841664,40.67732108617094,False
1800,104.4,12.8,0.00045,0.00019999999999999998,"[4.0, 8.0]",37.56210003545164,7.5,18.94441957643782,27.93065905978333,39.015636434055985,17.004301584995325,0.5555555555555556,0.5555555555555556,0.5555555555555556,"[(6.0, 6.5), (7.5, 7.5)]",1.5,True,-1.4535363986043404,37.56210003545164,False
1400,81.2,12.9,0.00035,0.00019999999999999998,"[4.0, 8.0]",37.469252568725814,7.0,19.223995353474926,28.358033945332217,39.187034240503294,16.200174811676067,0.5555555555555556,0.5555555555555556,0.5555555555555556,"[(6.5, 7.0)]",1.0,True,-1.7177816717774825,37.469252568725814,False
1800,104.4,13.0,0.00045,0.00015,"[4.0, 8.0]",34.97057577214996,6.5,18.14002505741719,24.671459329993297,36.94284325019084,13.809750686677425,0.5555555555555556,0.5555555555555556,0.5555555555555556,"[(6.5, 6.5), (7.5, 7.5)]",1.0,True,-1.972267478040883,34.97057577214996,False
2200,127.60000000000001,12.7,0.00035,0.00025,"[4.0, 8.0]",40.25943231775965,6.0,22.809321360703674,35.68211223055644,42.46165441874119,17.714475177974798,0.5555555555555556,0.5555555555555556,0.5555555555555556,"[(5.5, 6.0), (7.5, 7.5)]",1.5,True,-2.2022221009815452,40.25943231775965,False
2200,127.60000000000001,12.8,0.00045,0.00019999999999999998,"[4.0, 8.0]",36.24279249758293,6.0,16.56535577304112,20.39173471928852,40.94728505132368,13.731627753441774,0.5555555555555556,0.5555555555555556,0.5555555555555556,"[(6.0, 6.0)]",0.5,True,-4.704492553740752,36.24279249758293,False
1400,81.2,12.9,0.00045,0.00015,"[4.0, 8.0]",33.47233647789591,7.5,17.190874919393547,23.025935387361677,40.44469819614795,16.03858062021072,0.5555555555555556,0.5555555555555556,0.5555555555555556,"[(6.0, 7.5)]",2.0,True,-6.972361718252041,33.47233647789591,False
2600,150.8,13.0,0.00045,0.00025,"[4.0, 8.0]",39.099996617508765,6.0,19.34503411176616,30.07999293048901,46.93708337522075,18.572974599117252,0.5555555555555556,0.5555555555555556,0.5555555555555556,"[(6.0, 6.5), (7.5, 7.5)]",1.5,True,-7.837086757711989,39.099996617508765,False
1400,81.2,13.0,0.00035,0.00025,"[4.0, 8.0]",34.67491285464258,6.5,15.4820448712405,20.893012825586695,44.56689841499487,15.760518861747855,0.5555555555555556,0.5555555555555556,0.5555555555555556,"[(4.5, 4.5), (6.0, 6.5)]",1.5,True,-9.891985560352289,34.67491285464258,False
1800,104.4,12.9,0.00035,0.00025,"[4.0, 8.0]",38.11791878653649,7.0,17.492247913595804,25.293528412523337,50.04940890427248,17.97922205826309,0.5555555555555556,0.5555555555555556,0.5555555555555556,"[(6.0, 6.0), (7.0, 7.5)]",1.5,True,-11.931490117735992,38.11791878653649,False
1400,81.2,12.7,0.00035,0.00019999999999999998,"[4.0, 8.0]",37.32407540048385,7.5,16.264522321123113,24.73701052421915,51.317946645905735,17.93764320466376,0.5555555555555556,0.5555555555555556,0.5555555555555556,"[(7.5, 7.5)]",0.5,True,-13.993871245421888,37.32407540048385,False
1800,104.4,12.9,0.00045,0.00019999999999999998,"[4.0, 8.0]",37.502564788810766,7.5,14.949770523366096,18.808173080372505,64.53544497835652,19.151591619724584,0.5555555555555556,0.5555555555555556,0.4444444444444444,"[(7.5, 7.5)]",0.5,True,-27.032880189545757,37.502564788810766,False
1400,81.2,12.7,0.00025,0.00015,"[4.0, 8.0]",31.32890895401943,4.0,14.16106881618739,8.971887181946306,29.22917319159399,10.840634205556665,0.4444444444444444,0.4444444444444444,0.4444444444444444,"[(4.0, 4.0), (8.0, 8.0)]",1.0,True,2.0997357624254387,31.32890895401943,False
1400,81.2,12.9,0.00045,0.00025,"[4.0, 8.0]",40.62200121544633,8.0,16.802444784460118,13.234897308035906,40.23768552354224,14.059620801328876,0.4444444444444444,0.4444444444444444,0.4444444444444444,"[(8.0, 8.0)]",0.5,True,0.3843156919040934,40.62200121544633,False
1400,81.2,13.0,0.00045,0.00015,"[4.0, 8.0]",34.54605725396392,7.5,16.996860909774107,12.415284292680386,34.89173228198157,14.466261107153931,0.4444444444444444,0.4444444444444444,0.4444444444444444,"[(6.0, 6.0), (7.0, 7.5)]",1.5,True,-0.34567502801764355,34.54605725396392,False
1400,81.2,12.7,0.00045,9.999999999999999e-05,"[4.0, 8.0]",25.52153722575603,8.0,12.254506553621939,10.920395114416685,25.882713149488726,8.464343961920415,0.4444444444444444,0.4444444444444444,0.2222222222222222,"[(8.0, 8.0)]",0.5,True,-0.3611759237326962,25.52153722575603,False
2600,150.8,12.6,0.00035,0.00025,"[4.0, 8.0]",38.12110802412948,5.5,17.607811419167206,5.345494865471368,38.61452927286502,16.928215309262466,0.4444444444444444,0.4444444444444444,0.4444444444444444,"[(5.5, 6.0), (7.0, 7.0)]",1.5,True,-0.493421248735543,38.12110802412948,False
1400,81.2,13.0,0.00035,9.999999999999999e-05,"[4.0, 8.0]",29.924095929663558,5.0,12.18860802900637,4.580553304332705,30.445724338919078,11.44178124919776,0.4444444444444444,0.4444444444444444,0.4444444444444444,"[(5.0, 5.0)]",0.5,True,-0.5216284092555203,29.924095929663558,False
1400,81.2,12.8,0.00035,0.00019999999999999998,"[4.0, 8.0]",38.02659190740785,7.0,16.05867279026077,1.456720988160727,38.66485139520806,17.29840130682971,0.4444444444444444,0.4444444444444444,0.4444444444444444,"[(6.0, 7.0)]",1.5,True,-0.6382594878002106,38.02659190740785,False
1800,104.4,12.6,0.00045,0.00025,"[4.0, 8.0]",32.9366420210893,4.0,15.675091891736166,14.686365090027227,33.951147575205866,13.070664843863264,0.4444444444444444,0.4444444444444444,0.4444444444444444,"[(4.0, 4.5), (8.0, 8.0)]",1.5,True,-1.0145055541165653,32.9366420210893,False
2200,127.60000000000001,12.7,0.00045,0.00019999999999999998,"[4.0, 8.0]",36.823421583845374,6.0,15.58618242933498,2.5651927714209632,38.595012610839596,16.72216744609498,0.4444444444444444,0.4444444444444444,0.4444444444444444,"[(6.0, 7.0)]",1.5,True,-1.77159102699422,36.823421583845374,False
1800,104.4,13.0,0.00045,0.00019999999999999998,"[4.0, 8.0]",36.87735678180052,6.5,15.316039161970025,7.310910000749234,41.44816567662814,16.909374170348766,0.4444444444444444,0.4444444444444444,0.4444444444444444,"[(6.0, 7.0)]",1.5,True,-4.5708088948276195,36.87735678180052,False
1400,81.2,12.6,0.00045,0.00015,"[4.0, 8.0]",32.90083558598028,6.0,12.528181585371632,1.2653156992848023,43.82418333356324,16.38471737566176,0.4444444444444444,0.4444444444444444,0.4444444444444444,"[(6.0, 7.0)]",1.5,True,-10.923347747582962,32.90083558598028,False
1800,104.4,13.0,0.00045,0.00025,"[4.0, 8.0]",37.41761662319901,4.5,14.549213570199129,3.1829392126982654,50.24478748972918,19.219935943967755,0.4444444444444444,0.4444444444444444,0.4444444444444444,"[(4.0, 5.0)]",1.5,True,-12.827170866530164,37.41761662319901,False
1400,81.2,12.6,0.00035,0.00019999999999999998,"[4.0, 8.0]",31.802673434271238,6.5,7.96276330549157,0.4987823770213595,54.45548701773387,16.13245830967883,0.4444444444444444,0.4444444444444444,0.3333333333333333,"[(6.5, 6.5)]",0.5,True,-22.65281358346264,31.802673434271238,False
1400,81.2,12.6,0.00045,9.999999999999999e-05,"[4.0, 8.0]",24.235721703560237,4.0,11.27346766420429,7.662858506952013,21.49337994920124,8.056456187950003,0.3333333333333333,0.3333333333333333,0.3333333333333333,"[(4.0, 4.0)]",0.5,True,2.7423417543589945,24.235721703560237,False
1800,104.4,12.9,0.00045,9.999999999999999e-05,"[4.0, 8.0]",24.15856389376802,7.0,14.123640536040709,12.790972625745539,23.107410065887336,6.268826381613512,0.3333333333333333,0.3333333333333333,0.2222222222222222,"[(6.0, 6.0), (7.0, 7.0)]",1.0,True,1.0511538278806822,24.15856389376802,False
2600,150.8,12.8,0.00045,0.00025,"[4.0, 8.0]",37.968491438851146,6.0,11.877451549977582,2.435709562166327,37.556228397226235,13.931372923091836,0.3333333333333333,0.3333333333333333,0.3333333333333333,"[(6.0, 6.0)]",0.5,True,0.4122630416249102,37.968491438851146,False
2200,127.60000000000001,12.6,0.00035,0.00025,"[4.0, 8.0]",36.40895620950849,6.0,11.870194089331484,2.1478419450552417,38.83214956558452,15.116925520271288,0.3333333333333333,0.3333333333333333,0.3333333333333333,"[(6.0, 6.0)]",0.5,True,-2.423193356076034,36.40895620950849,False
1800,104.4,12.7,0.00045,0.00025,"[4.0, 8.0]",39.078466409146024,8.0,12.19150227925301,1.2790517419332512,41.573801004876486,16.34824782910673,0.3333333333333333,0.3333333333333333,0.3333333333333333,"[(8.0, 8.0)]",0.5,True,-2.495334595730459,39.078466409146024,False
1400,81.2,12.8,0.00035,9.999999999999999e-05,"[4.0, 8.0]",26.27630591100332,4.5,8.354266266180916,2.369294756556032,30.85097999512819,11.539697016228873,0.3333333333333333,0.3333333333333333,0.3333333333333333,"[(4.5, 4.5), (8.0, 8.0)]",1.0,True,-4.574674084124869,26.27630591100332,False
1400,81.2,12.8,0.00035,0.00025,"[4.0, 8.0]",30.868133935063454,4.5,7.811113292688777,-0.6342371568475542,35.96964817968825,13.14125387355037,0.3333333333333333,0.3333333333333333,0.3333333333333333,"[(4.5, 4.5)]",0.5,True,-5.101514244624797,30.868133935063454,False
1400,81.2,12.9,0.00035,0.00025,"[4.0, 8.0]",35.83734993882182,4.5,10.604472570825251,2.1663538371017967,41.733474739397266,15.588446948175582,0.3333333333333333,0.3333333333333333,0.3333333333333333,"[(4.5, 4.5)]",0.5,True,-5.896124800575442,35.83734993882182,False
1400,81.2,12.6,0.00035,0.00025,"[4.0, 8.0]",30.2819256330572,8.0,7.839344718064947,2.2051984851828004,36.2516016269888,13.059430407469925,0.3333333333333333,0.3333333333333333,0.2222222222222222,"[(4.5, 4.5), (8.0, 8.0)]",1.0,True,-5.969675993931606,30.2819256330572,False
2200,127.60000000000001,12.8,0.00045,9.999999999999999e-05,"[4.0, 8.0]",23.334946441610448,4.0,13.421878416577607,13.518932492464346,19.309628151258877,6.383912670192294,0.3333333333333333,0.2222222222222222,0.2222222222222222,"[(4.0, 4.5)]",1.0,True,4.02531829035157,23.334946441610448,False
1800,104.4,12.9,0.00025,0.00015,"[4.0, 8.0]",23.143005883015,4.5,9.996809185337206,7.6075606924171515,21.645493270186456,6.81299512476147,0.2222222222222222,0.2222222222222222,0.1111111111111111,"[(4.5, 4.5)]",0.5,True,1.4975126128285439,23.143005883015,False
2200,127.60000000000001,13.0,0.00035,9.999999999999999e-05,"[4.0, 8.0]",25.8623735085339,4.0,7.063517254709701,3.302360479955246,25.2592386188787,8.182400745764594,0.2222222222222222,0.2222222222222222,0.1111111111111111,"[(4.0, 4.0)]",0.5,True,0.6031348896551992,25.8623735085339,False
1800,104.4,12.7,0.00035,0.00025,"[4.0, 8.0]",38.34491733015136,6.5,10.346410764637088,4.29221421139143,38.76225526798658,14.803642992306312,0.2222222222222222,0.2222222222222222,0.2222222222222222,"[(6.0, 6.5)]",1.0,True,-0.4173379378352221,38.34491733015136,False
1400,81.2,12.9,0.00035,9.999999999999999e-05,"[4.0, 8.0]",26.411040367512886,8.0,6.421282027261055,1.28036151631825,27.664618787732913,10.118394101812294,0.2222222222222222,0.2222222222222222,0.2222222222222222,"[(5.0, 5.0), (8.0, 8.0)]",1.0,True,-1.2535784202200253,26.411040367512886,False
1800,104.4,12.8,0.00025,0.00015,"[4.0, 8.0]",20.05900312940097,4.5,5.463395560980599,2.2814353464415253,21.513023824122296,7.517395325485501,0.2222222222222222,0.2222222222222222,0.1111111111111111,"[(4.0, 4.5)]",1.0,True,-1.4540206947213261,20.05900312940097,False
1400,81.2,12.6,0.00025,0.00015,"[4.0, 8.0]",27.76689540040246,4.0,8.021739875805473,3.212637634996055,29.660071242261672,10.365921238656478,0.3333333333333333,0.2222222222222222,0.2222222222222222,"[(4.0, 4.0)]",0.5,True,-1.8931758418592093,27.76689540040246,False
2200,127.60000000000001,12.7,0.00045,9.999999999999999e-05,"[4.0, 8.0]",22.363270979193413,4.0,8.857299401666042,6.407918487617886,24.86964989205443,7.261077178519211,0.2222222222222222,0.2222222222222222,0.1111111111111111,"[(4.0, 4.0)]",0.5,True,-2.5063789128610163,22.363270979193413,False
2600,150.8,12.6,0.00045,0.00019999999999999998,"[4.0, 8.0]",28.50803811431939,6.5,6.171798983096312,0.2949087069017378,32.30700212528303,11.26808677236505,0.2222222222222222,0.2222222222222222,0.2222222222222222,"[(6.5, 6.5)]",0.5,True,-3.7989640109636396,28.50803811431939,False
1400,81.2,13.0,0.00045,0.00019999999999999998,"[4.0, 8.0]",26.870503201395103,4.0,7.373727309302707,2.1611921766658817,30.89003232402532,10.193903823864805,0.2222222222222222,0.2222222222222222,0.2222222222222222,"[(4.0, 4.5)]",1.0,True,-4.019529122630216,26.870503201395103,False
1800,104.4,12.7,0.00045,9.999999999999999e-05,"[4.0, 8.0]",19.443820497949172,8.0,5.46383488815744,3.2870766886551444,23.88205529457366,7.807351172082707,0.2222222222222222,0.2222222222222222,0.0,"[(4.0, 4.0), (8.0, 8.0)]",1.0,True,-4.438234796624487,19.443820497949172,False
1800,104.4,12.9,0.00045,0.00025,"[4.0, 8.0]",26.705711150228865,4.5,5.655850130414869,0.7317191847119495,32.58510272214096,11.020180028683143,0.2222222222222222,0.2222222222222222,0.2222222222222222,"[(4.0, 4.5)]",1.0,True,-5.879391571912098,26.705711150228865,False
1400,81.2,12.8,0.00045,0.00019999999999999998,"[4.0, 8.0]",23.82674148938841,4.5,5.618173586089136,1.5479242715611514,30.899055622793234,10.096366960263541,0.2222222222222222,0.2222222222222222,0.2222222222222222,"[(4.0, 4.5)]",1.0,True,-7.072314133404824,23.82674148938841,False
1400,81.2,12.9,0.00045,0.00019999999999999998,"[4.0, 8.0]",32.181070288570524,4.0,6.133534648968985,0.8222532764661522,40.5933393468045,13.91101372655993,0.2222222222222222,0.2222222222222222,0.2222222222222222,"[(4.0, 4.5)]",1.0,True,-8.412269058233976,32.181070288570524,False
2200,127.60000000000001,13.0,0.00045,0.00025,"[4.0, 8.0]",28.54972844460766,4.0,5.392391894737411,2.5220241316450718,40.07044735614338,11.032530497077971,0.2222222222222222,0.2222222222222222,0.1111111111111111,"[(4.0, 4.0)]",0.5,True,-11.520718911535724,28.54972844460766,False
2600,150.8,13.0,0.00025,0.00015,"[4.0, 8.0]",22.86717836356786,4.5,10.741276871151907,10.511592751611474,20.05901266925486,5.96795007896098,0.2222222222222222,0.1111111111111111,0.1111111111111111,"[(4.5, 4.5)]",0.5,True,2.8081656943130002,22.86717836356786,False
2600,150.8,12.9,0.00045,9.999999999999999e-05,"[4.0, 8.0]",24.495489743675044,4.0,9.577896277203074,7.730291903036106,23.302649819656267,6.8012692228813005,0.2222222222222222,0.1111111111111111,0.1111111111111111,"[(4.0, 4.0)]",0.5,True,1.1928399240187773,24.495489743675044,False
1800,104.4,12.9,0.00035,9.999999999999999e-05,"[4.0, 8.0]",18.072527935630074,4.5,3.724409015056275,1.217750912584845,17.688809174151356,5.299443351909441,0.1111111111111111,0.1111111111111111,0.0,"[(4.5, 4.5)]",0.5,True,0.3837187614787196,18.072527935630074,False
1800,104.4,13.0,0.00035,9.999999999999999e-05,"[4.0, 8.0]",30.53484541117307,4.5,6.616925983198686,2.1096577635468434,30.15766808069464,9.2719111960164,0.1111111111111111,0.1111111111111111,0.1111111111111111,"[(4.5, 4.5)]",0.5,True,0.3771773304784297,30.53484541117307,False
1800,104.4,12.8,0.00045,9.999999999999999e-05,"[4.0, 8.0]",17.43897597298716,8.0,6.181615235096221,3.9712645072635695,17.253269191804396,5.774661878149476,0.1111111111111111,0.1111111111111111,0.0,"[(4.0, 4.0), (8.0, 8.0)]",1.0,True,0.18570678118276407,17.43897597298716,False
2200,127.60000000000001,12.8,0.00025,0.00015,"[4.0, 8.0]",28.244923372889513,4.0,7.2763014490797735,4.931051540128937,28.12018862684256,8.093963096995983,0.1111111111111111,0.1111111111111111,0.1111111111111111,"[(4.0, 4.0)]",0.5,True,0.12473474604695381,28.244923372889513,False
1800,104.4,12.9,0.00025,9.999999999999999e-05,"[4.0, 8.0]",22.332463551059565,4.0,3.0441861739976375,0.734683638856295,22.286582615288484,6.8293054871266365,0.1111111111111111,0.1111111111111111,0.1111111111111111,"[(4.0, 4.0)]",0.5,True,0.04588093577108012,22.332463551059565,False
2600,150.8,12.9,0.00025,0.00015,"[4.0, 8.0]",19.071473642739495,4.0,4.29102283517869,1.7880135892104838,19.053412910691527,5.624793077735701,0.1111111111111111,0.1111111111111111,0.0,"[(4.0, 4.0)]",0.5,True,0.018060732047969083,19.071473642739495,False
2200,127.60000000000001,13.0,0.00025,9.999999999999999e-05,"[4.0, 8.0]",21.3665759914624,4.0,3.2393634453075175,0.35683394689422104,21.359680307420884,6.5229373491919,0.1111111111111111,0.1111111111111111,0.1111111111111111,"[(4.0, 4.0)]",0.5,True,0.006895684041516989,21.3665759914624,False
1800,104.4,12.7,0.00025,0.00015,"[4.0, 8.0]",26.035056567946143,4.0,6.013719061746522,2.6643051865877343,26.503065657314437,8.072023107626132,0.1111111111111111,0.1111111111111111,0.1111111111111111,"[(4.0, 4.0)]",0.5,True,-0.46800908936829444,26.035056567946143,False
1400,81.2,13.0,0.00025,9.999999999999999e-05,"[4.0, 8.0]",24.48741830430585,5.0,4.277664798312184,0.15582113655244065,25.34011272976132,8.615587780217336,0.2222222222222222,0.1111111111111111,0.1111111111111111,"[(5.0, 5.0)]",0.5,True,-0.8526944254554669,24.48741830430585,False
2200,127.60000000000001,12.9,0.00045,9.999999999999999e-05,"[4.0, 8.0]",17.599941029332463,4.0,4.237369006818019,2.750043726617866,18.52008287869903,5.108194852440424,0.1111111111111111,0.1111111111111111,0.0,"[(4.0, 4.0)]",0.5,True,-0.9201418493665657,17.599941029332463,False
2200,127.60000000000001,12.9,0.00025,0.00015,"[4.0, 8.0]",18.678479414820167,4.0,4.1457961362169575,1.9375038308426686,19.640862922930545,5.7174204606257275,0.1111111111111111,0.1111111111111111,0.0,"[(4.0, 4.0)]",0.5,True,-0.9623835081103764,18.678479414820167,False
2200,127.60000000000001,12.6,0.00045,0.00025,"[4.0, 8.0]",31.60382297098581,4.0,3.6118979550111967,0.056807799983456454,32.97461687949754,9.976005504426931,0.1111111111111111,0.1111111111111111,0.1111111111111111,"[(4.0, 4.0)]",0.5,True,-1.3707939085117267,31.60382297098581,False
1400,81.2,12.7,0.00035,9.999999999999999e-05,"[4.0, 8.0]",23.68590726299674,4.0,3.3997759524418942,0.334672942218956,25.11383538770251,7.580219261031784,0.1111111111111111,0.1111111111111111,0.1111111111111111,"[(4.0, 4.0)]",0.5,True,-1.4279281247057696,23.68590726299674,False
1800,104.4,13.0,0.00025,9.999999999999999e-05,"[4.0, 8.0]",28.486679809954385,4.5,3.5735364614839042,0.5907026151160754,30.869410261376395,8.886920198527244,0.1111111111111111,0.1111111111111111,0.1111111111111111,"[(4.5, 4.5)]",0.5,True,-2.382730451422008,28.486679809954385,False
1400,81.2,12.9,0.00025,9.999999999999999e-05,"[4.0, 8.0]",19.1803642254451,4.5,2.0596298193711626,0.1956109737467621,22.11152199970631,6.183588261859831,0.1111111111111111,0.1111111111111111,0.0,"[(4.5, 4.5)]",0.5,True,-2.93115777426121,19.1803642254451,False
1800,104.4,12.8,0.00035,9.999999999999999e-05,"[4.0, 8.0]",21.177694261187327,4.0,2.0338136939602633,-0.06786362125153142,24.361951740376778,6.8801861505590045,0.1111111111111111,0.1111111111111111,0.1111111111111111,"[(4.0, 4.0)]",0.5,True,-3.1842574791894505,21.177694261187327,False
1400,81.2,12.7,0.00035,0.00025,"[4.0, 8.0]",26.60296572863565,4.0,3.047123845366985,1.2228293358910476,29.787489082638512,8.619045195326525,0.1111111111111111,0.1111111111111111,0.1111111111111111,"[(4.0, 4.0)]",0.5,True,-3.184523354002862,26.60296572863565,False
2600,150.8,12.6,0.00045,0.00025,"[4.0, 8.0]",22.18938592864117,4.0,1.9852410489634904,-0.5393160191099213,26.85757506256209,7.371987911767815,0.1111111111111111,0.1111111111111111,0.1111111111111111,"[(4.0, 4.0)]",0.5,True,-4.668189133920924,22.18938592864117,False
1400,81.2,12.7,0.00045,0.00019999999999999998,"[4.0, 8.0]",23.104322400639894,4.0,0.4897161863370347,-2.109838074694213,30.892960981295378,8.98110506342579,0.1111111111111111,0.1111111111111111,0.1111111111111111,"[(4.0, 4.0)]",0.5,True,-7.788638580655483,23.104322400639894,False
1800,104.4,12.8,0.00045,0.00025,"[4.0, 8.0]",34.844624809685605,4.0,2.9278651476073185,-2.1310082058768014,43.22398300080449,12.459103257206536,0.1111111111111111,0.1111111111111111,0.1111111111111111,"[(4.0, 4.0)]",0.5,True,-8.379358191118882,34.844624809685605,False
2200,127.60000000000001,12.7,0.00045,0.00025,"[4.0, 8.0]",31.517392887592646,4.0,1.6519044101825031,-0.3626911846497663,41.53784856091208,11.334635771763296,0.1111111111111111,0.1111111111111111,0.1111111111111111,"[(4.0, 4.0)]",0.5,True,-10.020455673319432,31.517392887592646,False
2600,150.8,12.8,0.00045,9.999999999999999e-05,"[4.0, 8.0]",16.155207533218643,4.0,6.041782303900041,5.225950846309761,15.752859661257581,4.3215206342743695,0.1111111111111111,0.0,0.0,"[(4.0, 4.0)]",0.5,True,0.4023478719610625,16.155207533218643,False
2600,150.8,12.8,0.00025,0.00015,"[4.0, 8.0]",6.05724189149043,4.0,2.781669766278037,2.605562761478008,5.720853999670858,1.5658405925072645,0.0,0.0,0.0,"[(4.0, 4.0), (6.0, 6.0), (8.0, 8.0)]",1.5,True,0.33638789181957257,6.05724189149043,False
2600,150.8,12.8,0.00035,9.999999999999999e-05,"[4.0, 8.0]",2.2710826223661265,7.5,0.969155692356416,0.7683904986026291,2.048356800679061,0.6826840417217646,0.0,0.0,0.0,"[(4.0, 8.0)]",4.5,True,0.22272582168706548,2.2710826223661265,False
2200,127.60000000000001,12.6,0.00045,9.999999999999999e-05,"[4.0, 8.0]",6.307044541341446,4.0,2.6998475860438935,2.8887271639756014,6.291337772936562,1.9200223937048013,0.0,0.0,0.0,"[(4.0, 4.5), (8.0, 8.0)]",1.5,True,0.015706768404883314,6.307044541341446,False
2600,150.8,12.7,0.00025,0.00015,"[4.0, 8.0]",2.9983829585290005,7.0,1.8000688171354655,2.2432127725587443,3.0170462122458077,1.068374032163031,0.0,0.0,0.0,"[(4.0, 7.5)]",4.0,True,-0.018663253716807084,2.9983829585290005,False
2600,150.8,13.0,0.00035,9.999999999999999e-05,"[4.0, 8.0]",8.628684298635807,4.0,3.1224626147458445,2.674707652856194,8.672285770420805,2.3847689463862136,0.0,0.0,0.0,"[(4.0, 4.0)]",0.5,True,-0.04360147178499693,8.628684298635807,False
2200,127.60000000000001,12.6,0.00025,9.999999999999999e-05,"[4.0, 8.0]",0.6983303409239021,4.5,0.17920590007139311,0.16950091126128647,0.8775232680334382,0.2660698054979569,0.0,0.0,0.0,"[(4.0, 8.0)]",4.5,True,-0.17919292710953608,0.6983303409239021,False
2200,127.60000000000001,12.9,0.00025,9.999999999999999e-05,"[4.0, 8.0]",1.246595417365385,4.0,0.19984394403174752,-0.06849997787929196,1.5355369888453374,0.49790460301283757,0.0,0.0,0.0,"[(4.0, 8.0)]",4.5,True,-0.28894157147995236,1.246595417365385,False
1800,104.4,12.6,0.00045,9.999999999999999e-05,"[4.0, 8.0]",15.157540467876547,4.0,3.5000496478235608,2.1396944411036363,15.448487486789624,4.375879471321743,0.1111111111111111,0.0,0.0,"[(4.0, 4.0)]",0.5,True,-0.2909470189130764,15.157540467876547,False
2200,127.60000000000001,12.6,0.00025,0.00015,"[4.0, 8.0]",3.7395847664351773,4.0,1.2239860995887446,0.38600863321090995,4.037413783489348,1.4474184708511633,0.0,0.0,0.0,"[(4.0, 4.5), (6.5, 6.5), (8.0, 8.0)]",2.0,True,-0.2978290170541708,3.7395847664351773,False
2200,127.60000000000001,12.7,0.00025,9.999999999999999e-05,"[4.0, 8.0]",0.7859837102441692,6.5,0.1290709314897981,0.13764582825261487,1.0881562906511355,0.37587181571075806,0.0,0.0,0.0,"[(4.0, 8.0)]",4.5,True,-0.30217258040696626,0.7859837102441692,False
2600,150.8,12.9,0.00025,9.999999999999999e-05,"[4.0, 8.0]",1.613064819575546,5.0,0.39349576267115205,0.3806908610827419,1.9791511616518467,0.618127381558113,0.0,0.0,0.0,"[(4.0, 8.0)]",4.5,True,-0.3660863420763008,1.613064819575546,False
2600,150.8,12.6,0.00025,0.00015,"[4.0, 8.0]",1.7742340212780208,8.0,0.7432110522790851,0.679526719044124,2.17455028005852,0.7411163621022647,0.0,0.0,0.0,"[(4.0, 8.0)]",4.5,True,-0.400316258780499,1.7742340212780208,False
2200,127.60000000000001,12.7,0.00025,0.00015,"[4.0, 8.0]",15.764805091580953,4.0,3.6590839884950035,2.256837998946418,16.181795112348013,4.519724936381284,0.1111111111111111,0.0,0.0,"[(4.0, 4.0)]",0.5,True,-0.41699002076706043,15.764805091580953,False
2600,150.8,13.0,0.00025,9.999999999999999e-05,"[4.0, 8.0]",1.5327543161955899,5.0,0.3308775914630636,0.3595288281230085,2.0032105243151435,0.5488069072542437,0.0,0.0,0.0,"[(4.0, 8.0)]",4.5,True,-0.4704562081195537,1.5327543161955899,False
1800,104.4,12.7,0.00025,9.999999999999999e-05,"[4.0, 8.0]",1.40539987316525,4.0,0.2448494401687346,-0.013374241148395822,1.9543378687530515,0.6894005088985653,0.0,0.0,0.0,"[(4.0, 8.0)]",4.5,True,-0.5489379955878014,1.40539987316525,False
2600,150.8,12.6,0.00045,9.999999999999999e-05,"[4.0, 8.0]",4.891069220668163,4.0,1.6107655290884124,1.2116799835720675,5.4462989718265025,1.5146650559201713,0.0,0.0,0.0,"[(4.0, 4.0), (5.0, 5.0), (8.0, 8.0)]",1.5,True,-0.5552297511583393,4.891069220668163,False
1800,104.4,12.6,0.00025,9.999999999999999e-05,"[4.0, 8.0]",1.0240024773668097,5.5,0.1634964929887588,0.18953941414681627,1.5832453216742328,0.6274952049416538,0.0,0.0,0.0,"[(4.0, 8.0)]",4.5,True,-0.5592428443074231,1.0240024773668097,False
2200,127.60000000000001,12.8,0.00035,9.999999999999999e-05,"[4.0, 8.0]",6.794775462885173,4.0,1.9772494415560327,2.1098441864808333,7.390230294098373,2.0004641614830345,0.0,0.0,0.0,"[(4.0, 4.0)]",0.5,True,-0.5954548312131993,6.794775462885173,False
2600,150.8,12.6,0.00025,9.999999999999999e-05,"[4.0, 8.0]",0.3977395075232406,5.0,-0.03517527280923129,0.044865590197544714,1.0030745735219437,0.34222652339477566,0.0,0.0,0.0,"[(4.0, 8.0)]",4.5,True,-0.6053350659987031,0.3977395075232406,False
2600,150.8,12.8,0.00025,9.999999999999999e-05,"[4.0, 8.0]",1.1487078356174587,6.0,0.44299758030305436,0.41596697344228295,1.757981515526002,0.5280359897237408,0.0,0.0,0.0,"[(4.0, 8.0)]",4.5,True,-0.6092736799085431,1.1487078356174587,False
2200,127.60000000000001,12.8,0.00025,9.999999999999999e-05,"[4.0, 8.0]",1.7078117947407443,5.0,0.16220515277381628,0.131659448844365,2.327623575990197,0.61608704059678,0.0,0.0,0.0,"[(4.0, 8.0)]",4.5,True,-0.6198117812494526,1.7078117947407443,False
2600,150.8,12.7,0.00035,9.999999999999999e-05,"[4.0, 8.0]",1.9517967756307264,4.0,0.4303744139713911,0.6190635859609439,2.6012320953781547,0.8578539012364907,0.0,0.0,0.0,"[(4.0, 8.0)]",4.5,True,-0.6494353197474281,1.9517967756307264,False
2600,150.8,12.7,0.00025,9.999999999999999e-05,"[4.0, 8.0]",0.9937359170607962,7.0,0.04496835615181157,-0.15679985493913418,1.6756675045005418,0.559205084459376,0.0,0.0,0.0,"[(4.0, 8.0)]",4.5,True,-0.6819315874397456,0.9937359170607962,False
2200,127.60000000000001,12.7,0.00035,9.999999999999999e-05,"[4.0, 8.0]",1.882846913709336,5.5,0.831531978238335,1.037741389604164,2.5748771169241333,0.8368055926184735,0.0,0.0,0.0,"[(4.0, 8.0)]",4.5,True,-0.6920302032147971,1.882846913709336,False
2200,127.60000000000001,12.6,0.00035,9.999999999999999e-05,"[4.0, 8.0]",2.1149819871168694,4.5,0.48598323604537064,0.44123453922851985,2.933440792060021,0.8585496731269188,0.0,0.0,0.0,"[(4.0, 8.0)]",4.5,True,-0.8184588049431519,2.1149819871168694,False
1800,104.4,12.6,0.00025,0.00015,"[4.0, 8.0]",6.0973716971478495,4.0,2.0148317408319465,1.9573164881554364,6.940981675827983,1.98047163042287,0.0,0.0,0.0,"[(4.0, 4.0)]",0.5,True,-0.8436099786801333,6.0973716971478495,False
2600,150.8,12.9,0.00035,9.999999999999999e-05,"[4.0, 8.0]",4.956878073203931,4.0,1.5953498984443313,1.5236322688859683,5.8077115198556,1.4986868657798758,0.0,0.0,0.0,"[(4.0, 4.0), (5.0, 5.0)]",1.0,True,-0.8508334466516696,4.956878073203931,False
2600,150.8,12.6,0.00035,9.999999999999999e-05,"[4.0, 8.0]",0.9143619620976161,8.0,0.3171552660521766,0.5250453021576195,1.8788780186525784,0.5896759096263273,0.0,0.0,0.0,"[(4.0, 8.0)]",4.5,True,-0.9645160565549624,0.9143619620976161,False
2200,127.60000000000001,12.6,0.00045,0.00019999999999999998,"[4.0, 8.0]",5.13786168789554,4.0,0.8477399224078025,0.14695373395450606,6.117427511399132,1.9314156743630815,0.0,0.0,0.0,"[(4.0, 4.0), (6.0, 6.0)]",1.0,True,-0.9795658235035926,5.13786168789554,False
1800,104.4,12.8,0.00025,9.999999999999999e-05,"[4.0, 8.0]",0.5323565080101947,7.0,-0.18514833782937457,-0.17579618105848582,1.6360909175579335,0.5007316535403609,0.0,0.0,0.0,"[(4.0, 8.0)]",4.5,True,-1.1037344095477386,0.5323565080101947,False
2600,150.8,12.7,0.00045,9.999999999999999e-05,"[4.0, 8.0]",10.380764583277406,4.0,3.8928610599367093,3.4513638893467258,11.621433245251545,2.9996763678324445,0.0,0.0,0.0,"[(4.0, 4.0)]",0.5,True,-1.2406686619741394,10.380764583277406,False
1800,104.4,12.6,0.00035,9.999999999999999e-05,"[4.0, 8.0]",1.4561989198930916,7.0,0.4775581922610324,0.8761733441234199,2.744304859493876,0.982013621230569,0.0,0.0,0.0,"[(4.0, 8.0)]",4.5,True,-1.2881059396007846,1.4561989198930916,False
2200,127.60000000000001,12.9,0.00035,9.999999999999999e-05,"[4.0, 8.0]",9.469263099828085,4.0,1.629993023265568,1.335870966985146,10.990622734654078,2.9336328177929363,0.0,0.0,0.0,"[(4.0, 4.0)]",0.5,True,-1.5213596348259935,9.469263099828085,False
2600,150.8,12.7,0.00045,0.00025,"[4.0, 8.0]",2.4391088035759974,4.0,0.09729701163558273,-0.31879116584354134,4.038312286030158,1.1899219837700197,0.0,0.0,0.0,"[(4.0, 4.5), (6.0, 7.0), (8.0, 8.0)]",3.0,True,-1.599203482454161,2.4391088035759974,False
1400,81.2,12.7,0.00025,9.999999999999999e-05,"[4.0, 8.0]",3.4974948082700843,4.0,0.25809274131914556,0.13462608905540197,5.313115594126991,1.5240425591135545,0.0,0.0,0.0,"[(4.0, 5.5)]",2.0,True,-1.8156207858569071,3.4974948082700843,False
1800,104.4,12.7,0.00035,9.999999999999999e-05,"[4.0, 8.0]",2.9972389554439802,4.0,0.49320724882521283,0.08728329254667523,5.638962832949983,1.7173941477892427,0.0,0.0,0.0,"[(4.0, 5.5), (7.0, 7.5)]",3.0,True,-2.641723877506003,2.9972389554439802,False
1400,81.2,12.6,0.00035,9.999999999999999e-05,"[4.0, 8.0]",10.66110784898438,4.0,0.8415901368756624,-0.5522098595266623,13.90990049214835,3.8294005899210144,0.0,0.0,0.0,"[(4.0, 4.0)]",0.5,True,-3.24879264316397,10.66110784898438,False
1800,104.4,12.7,0.00045,0.00019999999999999998,"[4.0, 8.0]",4.61511872237946,4.0,1.2302211163430377,1.0756971010738483,7.992297282492045,2.12181627651364,0.0,0.0,0.0,"[(4.0, 4.5), (6.0, 6.5)]",2.0,True,-3.377178560112584,4.61511872237946,False
1400,81.2,12.8,0.00025,9.999999999999999e-05,"[4.0, 8.0]",10.366471344121441,4.5,1.5797232952777824,0.9886947310196342,13.815949756401594,3.608931959634477,0.0,0.0,0.0,"[(4.5, 4.5)]",0.5,True,-3.449478412280153,10.366471344121441,False
1400,81.2,12.6,0.00025,9.999999999999999e-05,"[4.0, 8.0]",1.2363281446799657,4.0,-0.40201934671644834,-0.12627639080022987,5.662309532624375,1.6971920771396334,0.0,0.0,0.0,"[(4.0, 7.0)]",3.5,True,-4.425981387944409,1.2363281446799657,False
1400,81.2,12.6,0.00045,0.00019999999999999998,"[4.0, 8.0]",16.671476113456553,4.0,3.2549992258591267,3.011299956637927,21.441533139041404,6.0661430566444094,0.1111111111111111,0.0,0.0,"[(4.0, 4.0)]",0.5,True,-4.770057025584852,16.671476113456553,False
2200,127.60000000000001,12.8,0.00045,0.00025,"[4.0, 8.0]",13.554540552011115,4.0,0.2982400565544058,-0.05569914594993498,18.49487577980348,5.022876645169393,0.0,0.0,0.0,"[(4.0, 4.0)]",0.5,True,-4.940335227792362,13.554540552011115,False
1800,104.4,12.6,0.00035,0.00025,"[4.0, 8.0]",2.911961467181818,4.0,-0.9856338915525547,-0.6982493962961047,8.709926118934552,2.2530841744453936,0.0,0.0,0.0,"[(4.0, 4.5)]",1.0,True,-5.797964651752735,2.911961467181818,False
1800,104.4,12.6,0.00045,0.00019999999999999998,"[4.0, 8.0]",1.1060812815489767,4.0,-1.6656514252902666,-0.13524026393919034,11.30920474038449,3.400696880608257,0.0,0.0,0.0,"[(4.0, 6.5), (7.5, 7.5)]",3.5,True,-10.203123458835513,1.1060812815489767,False
