signal_GHz,general_ideal__basic_p_s_i,general_ideal__basic_plus_p2,general_ideal__basic_plus_ps_pi,general_ideal__basic_plus_s2_i2,general_ideal__all_except_p2,general_ideal__all_except_ps_pi,general_ideal__all_except_s2_i2,general_ideal__all_8_modes,general__basic_p_s_i,general__basic_plus_p2,general__basic_plus_ps_pi,general__basic_plus_s2_i2,general__all_except_p2,general__all_except_ps_pi,general__all_except_s2_i2,general__all_8_modes
4.0,6.55746592780036,29.194773245056787,25.09325595389637,6.5779192927774925,37.08361873019114,35.008074587137635,0.33228257785822823,0.3393792868507196,0.11740642649670245,0.07391732202412087,26.645622814419312,0.06686502216451728,30.041798417929947,-0.0015527727414698655,30.496904005038378,31.838822697615544
4.05,6.541889555430864,29.27854609015544,28.181229564168074,6.562779650178465,37.29543235853314,35.04005584785651,-0.22870082840001105,-0.22075678481043515,0.479742875573704,0.5480466924633404,27.109120770818592,0.423379307108254,30.469946748083384,0.4671770479585673,30.815989578790592,32.184787274565586
4.1,6.52833697063625,29.358996021751732,29.843681672849776,6.549473377774597,37.46506991461456,35.07303764025607,-0.8338923768301666,-0.8261825289099076,0.7827874770267147,0.9639597894690897,27.611592422799518,0.7208926083795653,30.93549535159109,0.878802893066407,31.14585582121755,32.515922531375466
4.1499999999999995,6.520387111854835,29.43338596608438,30.268330706131373,6.5415245849135,37.693315670241816,35.10422470322602,-1.3662609279278273,-1.3602266583682865,0.19117381009298762,0.475589907856597,27.14079741599268,0.12385750390274049,30.46853086247068,0.38677193783336755,30.520322288179663,31.901029115249276
4.199999999999999,6.510759670054553,29.50850463916954,31.42154767452257,6.531819711544329,38.0362815391201,35.13761633449553,-1.6738201085868893,-1.6708595128054964,-0.309025704612805,0.07531499879431808,26.68377494658356,-0.38157735689140104,30.04826033868482,-0.016340254522657444,29.924551297453988,31.320629373512475
4.249999999999999,6.494253603906878,29.58854726151248,34.66721185271784,6.515280341314044,38.50233680459165,35.176689075198766,-1.6102390054593365,-1.6108423991875107,0.0012767825412119639,0.49424206858906033,27.068876799626725,-0.07582481840010992,30.46001112977053,0.40141984321383084,30.160582281565198,31.557815344062135
4.299999999999999,6.47830581616733,29.667131680405028,38.946644505397416,6.4992399771135965,39.0502805107552,35.21730415775916,-1.1559620747104258,-1.1592038153875133,0.4095033184893735,1.0026524735104239,27.631485147262325,0.3288020358507894,31.016241447647236,0.9101906179658794,30.53105469859196,31.919303189721134
4.349999999999999,6.469883930533098,29.739098116182596,41.394318028168335,6.490604688636874,39.54799972657888,35.256262420106026,-0.4432333114357581,-0.44750478570644153,-0.06902145948640229,0.6159461647869979,27.315886741882828,-0.15241547022051943,30.699984425109143,0.5250367876911627,30.01423100931696,31.39622179396514
4.399999999999999,6.462498959029091,29.809851588629165,33.61205599792537,6.48312439485316,39.73497181977686,35.296655394641185,0.35872420204831346,0.354695857736289,-0.662105988240243,0.11705364205559712,26.838591891474838,-0.7463884288195823,30.25802640277027,0.029911829833085442,29.355943434625992,30.733415327048768
4.449999999999998,6.445850314128854,29.88696341430218,17.97039613894199,6.466863070992554,39.310548909543016,35.342789117299645,1.12168785351412,1.1185137710905635,-0.4504618116389996,0.42171379256991465,27.166381654699382,-0.5329158854596585,30.649071897260324,0.3412459448870063,29.497846115462735,30.859946030805553
4.499999999999998,6.424346949020762,29.966747476319814,32.82345421512783,6.446331316255299,38.0015741563512,35.3928761163417,1.7631998582644626,1.76087892911237,0.09470263962384226,1.055689071685517,27.82903531158351,0.016087183673596954,31.351577832513833,0.9837477634433032,29.97797164565832,31.322699286162717
4.549999999999998,6.412321383407342,30.039256100423806,40.51164605512649,6.4357490376737125,35.81318304728781,35.44092453641318,2.2274592253325185,2.2254476611720038,-0.16775727881117852,0.8754411679791247,27.62027632124491,-0.24129798498479577,31.1641340311281,0.8128297400692073,29.626046816135215,30.971618314642416
4.599999999999998,6.410617384553866,30.104513201437186,41.63830277973468,6.436066168124025,33.15392905040993,35.48577045148927,2.493470407704517,2.490688435783149,-0.8246955117409992,0.28451096120642166,27.00704366501587,-0.8909209968194359,30.56712574746022,0.23251770100050737,28.861335462790056,30.21072041830294
4.649999999999998,6.402804231585032,30.17369964361821,40.542060064038274,6.431301547129231,30.59028482996247,35.53140364849301,2.5602146866482984,2.554925476429248,-0.7657927188975651,0.4048559266022786,27.21056030475193,-0.8215314855665644,30.794271881410648,0.36528889595521397,28.85392456284951,30.17485591108651
4.6999999999999975,6.38039554088417,30.25193695243429,39.40394167255984,6.413123961070849,28.72643174556106,35.578639121254525,2.4296985223866447,2.419026603804484,-0.13693212958104578,1.1052865616398437,28.019000490612854,-0.1801254336658342,31.654118464075065,1.078722421201251,29.440845981579,30.715144569035147
4.749999999999997,6.357953216012446,30.32949940525228,38.692104561361134,6.395337471030129,28.271889969574787,35.632258246348684,2.1106017269072512,2.090136698199615,-0.10457645296723103,1.2024120051560574,28.13454096664468,-0.13527650890436133,31.827780108498605,1.1874664410224265,29.383235334318556,30.634878845721524
4.799999999999997,6.352903667531771,30.396069459132903,38.45559212314005,6.393458984447839,29.38984566296523,35.66986540307435,1.6391768008041663,1.602446619659836,-0.7376528686332207,0.6203005250960697,27.51433074756902,-0.7570042676625272,31.244618830171472,0.6146433918135321,28.628957480149083,29.877050165459703
4.849999999999997,6.357263972101896,30.45700768050152,38.659597641376,6.397795686167898,31.635329787834223,35.703815270820414,1.0879582940923007,1.0270915078171057,-0.8764262316958177,0.52633168772641,27.44812506882239,-0.8860826062316628,31.22591976797709,0.527040407843685,28.397554179532428,29.627726597973812
4.899999999999997,6.348125410188118,30.52595114109671,39.25323583362763,6.382956105623581,33.750846828513176,35.73437367914318,0.5553799108736545,0.4638663419186563,-0.2722080101010125,1.1753857846340499,28.22710239548414,-0.27508260191978307,32.099055834399806,1.1787785621569693,28.940381420403682,30.119051224430887
4.949999999999997,6.322377169901642,30.604181591293802,40.17424900210951,6.341680694255116,35.24786564613058,35.758583243741704,0.22911440519340032,0.10949641086740439,0.07669062961055496,1.5719158783423217,28.73423664014109,0.07670698216591973,32.68100722828326,1.574376835606106,29.216130773043872,30.332983577954774
4.9999999999999964,6.303084564812817,30.678280642997798,41.25637268247904,6.293162003180594,35.93792715057037,35.745576878268466,0.3309459876190969,0.20559529036116925,-0.41532346950668086,1.1250473640228793,28.29490560479225,-0.41600950997197966,32.322208940236365,1.1241093615267026,28.623904888247182,29.684737488731777
5.049999999999996,6.306428129846965,30.739861744515867,42.00247167271826,6.253685112523043,35.907511917363216,35.68340790443731,0.8964935854369004,0.8065278946963922,-0.7421907900664487,0.8273280606635475,27.99938134493003,-0.7455885938521085,30.809794397215807,0.8224408264283631,28.196441808469398,29.19946073889698
5.099999999999996,6.315205241511847,30.798651670237767,41.38903206459591,6.165622849955677,35.94373284883773,36.05432467607211,1.8257943054031742,1.801036574155073,-0.27744734064770105,1.3109070925704038,28.597781040134194,-0.28380734115443496,32.11756720663938,1.3033715563731676,28.59736996686359,29.559925847762774
5.149999999999996,6.304538069499817,30.86801448783284,38.29079889999626,6.036797645876825,34.37133315601122,36.54247052827221,2.971240196537072,3.0278038897711292,0.2915085828267063,1.9076990099870725,29.336001112237607,0.2854678131845748,35.66788530686107,1.9021814644129664,29.118789040697244,29.968643525207646
5.199999999999996,6.278321779647112,30.94535492251415,31.96445513855064,5.955229489387647,31.275723903593025,37.18745480356132,4.172860653905116,4.293738449008171,0.022332185874772918,1.6706724640537591,29.168689323755142,0.020622820272099884,36.84866020605209,1.6703977594204131,28.779970449586525,29.431241984436426
5.249999999999996,6.2655792641836525,31.015512121892613,20.46561411137838,6.091208479420618,36.44012545938337,37.73024124304236,5.225772126982823,5.356640175646926,-0.42290343602162306,1.250844146057233,28.78829578136377,-0.42076420418598726,36.69312148232959,1.2521275383406727,28.28020147613725,28.56034695495508
5.299999999999995,6.277095982066441,31.07354377668825,14.394135215091474,6.338294135236829,39.58603565543796,28.854414049598613,6.110933550973558,6.104506419012625,-0.17205248006478652,1.514921768304919,29.13343414098143,-0.17240254009860637,36.716571925043674,1.5076376416443547,28.509661468262593,28.047365646679296
5.349999999999995,6.288676338414767,31.1317789521039,13.36910195691428,41.73508229530822,34.07515004459751,36.84066429789186,6.851229645565478,7.721173541490253,0.46581001292111895,2.141823540577275,29.865159803282122,0.46132683008794023,36.232761711482134,2.1232810619481017,29.12454428901304,27.27058770757308
5.399999999999995,6.2766567046882535,31.20199513964975,10.308274917441011,36.52087823596579,41.21931807560729,34.17652713963164,7.481729945106234,7.717879255453287,0.44632430109643606,2.1484193831527483,29.84505278139472,0.44839915919627693,34.534028638791156,2.137071931112712,29.05115039078303,24.74639769388475
5.449999999999995,6.253173346127426,31.27774952819419,19.778997481615576,6.05290882643531,32.066479671983934,21.442406900642126,7.933363366369712,8.083486627594993,-0.03632550211573743,1.6868661896226278,29.45334616061206,-0.031207091896733784,33.19066117778461,1.6956968587558139,28.523418146798946,19.71434404223145
5.499999999999995,6.248730204328399,31.34434330590141,22.762407833365742,6.228527310237962,32.692719946642555,20.846398966309433,8.209497485062233,8.336516762834234,-0.011467799630346961,1.7196695611485202,30.238787349808682,-0.012098223468313744,30.832710227786816,1.7285352083166228,28.613300855808102,20.131195102151146
5.5499999999999945,6.267497451242027,31.400159591763433,23.009318532106626,22.141795367056268,37.63186079955068,23.760814858365663,8.307793554364881,8.440706358389573,0.5728936548101293,2.2959495552311378,30.501044461432144,0.45610513160005184,33.46833592909259,2.302302565785574,29.23874639921504,22.822421978180788
5.599999999999994,6.279980521401431,31.459243105337023,21.906063236962247,8.439802850387983,38.71866679793358,24.523429590606987,8.277606715546717,8.411447563721609,0.7070806010156432,2.2879453171275275,30.190900618153464,-4.951656585797588,30.36486651183081,2.299578382263799,29.61563154658431,25.651473920720647
5.649999999999994,6.267825198967442,31.53028818155441,20.363969411901785,11.981678932405988,37.64779375593055,24.076662041555245,8.101772607512297,8.234958105021281,0.24934623191780417,1.9952602709172307,30.264909358771646,0.2771762489918886,29.9326086286147,2.0033424646638114,28.958086866030712,24.59872128495215
5.699999999999994,6.2493906861509005,31.60433668588485,18.463817665775228,6.241853253496316,33.126674790695105,24.57970757096254,7.796173133768647,7.924377023850489,0.06918378821870848,1.8016581388970505,30.562625186659808,0.06943558358837293,34.126216606835875,1.812203289601081,28.772356017611056,25.71241071445657
5.749999999999994,6.254161019150112,31.667901513718387,14.508743656292589,6.223741555635663,41.76498955563915,29.36360435655788,7.309045496821019,7.454717359281409,0.5119434114042777,2.2324449882743407,30.61363040764998,0.5090184237564447,30.828879329168252,2.2551738803957466,29.27188719434769,27.398208180352412
5.799999999999994,6.277957860573549,31.72304818195687,2.84942655169365,29.01484514457458,41.146569093818066,36.31133696874369,6.638891669645574,6.849584006797603,0.8184030890978132,2.531273061593632,31.01904516959116,0.8140025160958257,24.168884878906496,2.537214102835778,29.696533560851307,29.138930623851806
5.849999999999993,6.2902907597748285,31.783798030967457,-6.957156883316951,41.71093466404645,29.342539851078083,34.9542873477142,5.777315982668576,6.466652745632776,0.40123432252789526,2.104518803959094,30.66694939655087,0.3952519957202397,26.602025020435754,2.0954065067781205,29.309143551873426,29.509709940544745
5.899999999999993,6.279039070913754,31.855796208778727,14.587313772690484,6.361429577005704,41.31989776821332,33.83478071822609,4.784154741008134,4.847382277199323,0.022087744906291285,1.7044834338019026,30.278478636608455,0.015413194319577966,28.200910172406324,1.6935192296465809,28.960532330530732,29.771143317219085
5.949999999999993,6.2678518252431425,31.927993740200613,27.67787221056382,6.26635571445139,35.40488140844441,39.45940562601784,3.605883652854045,3.7514917916874033,0.26760359367386977,1.9395645302968998,30.61051736232165,0.2622890556170089,32.31660583354863,1.9320898725694118,29.288347801821896,30.500556170066226
5.999999999999993,6.280895636073717,31.98956134830833,35.26081722245113,6.268769294206597,27.290458596963592,39.42493359416207,2.18169322635029,2.3795384643009054,0.676731876347537,2.3264156752856953,31.19280785719335,0.6733542205927828,35.42428622207056,2.321649485406968,29.836661483976915,31.249184858686473
6.049999999999993,6.3073877022825195,32.04532393500196,39.91393180922389,6.309677362393601,29.13348265504997,39.00633273369977,0.46031669420243865,0.7113072099985702,0.4157240149821816,2.0314049926045827,31.054145816276318,0.41376217694732953,33.87066214638035,2.02776144138014,29.7027742648035,31.20874649481364
6.0999999999999925,6.3183421803278765,32.10858481631181,42.21086026817606,6.333345361541528,34.86898312291303,38.60312550356219,-1.4434992957677166,-1.1673376278117211,-0.12538587638504103,1.4606028144400942,30.528445809333906,-0.12648007772174874,24.471281676543676,1.457513203732069,29.2409367843196,30.79278495109046
6.149999999999992,6.309877613459348,32.181250315363464,42.66681018463241,6.331009326937005,35.31880822879157,38.259200607809525,-3.470163257234571,-3.172636529051174,-0.1245975072358303,1.4393369585402584,30.503359561874564,-0.12495462313133503,32.631052163893195,1.43709126747373,29.3042160132828,30.895713144073582
6.199999999999992,6.306834736033537,32.25180387870318,42.130534043525586,6.331098895452993,34.597337790016375,38.32313343038496,-5.4989648685235695,-5.232756069490226,0.32130806455495475,1.8591609440839572,30.99742177382265,0.32114731878234665,35.808354501283596,1.8572927907669095,29.86293285079036,31.45941953494735
6.249999999999992,6.326378820705546,32.31241109790422,41.37468929054896,6.3514381124691965,32.72535641293998,38.3412543865026,-7.128820319438506,-6.935613963159036,0.3447629409905684,1.8439239397953813,31.106751011479993,0.34462183288978937,35.75753306619397,1.8423705817334712,30.037735447453557,31.59812633418269
6.299999999999992,6.352352125916896,32.370328196567094,40.84862216953213,6.376823051530413,30.702532903281163,38.33365201394413,-7.689656552574259,-7.602820832878427,-0.2267180112026189,1.2216726008106142,30.578718244523998,-0.2267923182216167,35.06859489187532,1.2204938280844029,29.591911209106264,31.119549649073047
6.349999999999992,6.361740425477427,32.43646503554411,40.75642309757782,6.385273296395724,28.713270881608537,38.325020327887984,-7.269154158951123,-7.234120134214946,-0.5099295611521749,0.889668647944597,30.313719569111456,-0.5098197145964657,34.65275552842865,0.8888685559664744,29.414209905094154,30.906542542246576
6.3999999999999915,6.3576550570422805,32.50951477558396,41.17323187221779,6.380322404385664,27.278268974269015,38.31798529574374,-6.478227215545368,-6.484112472705243,-0.17071933294391373,1.1854262472105692,30.683321299273473,-0.17043780600907235,34.905259686663946,1.1849291468786147,29.87111058262392,31.319980650740074
6.449999999999991,6.362948407965655,32.57858783515615,42.04070149072757,6.384517634720104,27.42363883952745,38.315287622036905,-5.689903401834215,-5.714699425157569,0.17052295921910668,1.4767966152471192,31.06050544501215,0.17092755332721063,35.19145108652197,1.4763110998279485,30.35218418547338,31.75851803567046
6.499999999999991,6.3855740981655185,32.63976885191867,42.877236540681466,6.406012872234478,28.540780960593302,38.30920765861241,-5.069086204661257,-5.090955576485632,-0.16697552093802012,1.0718655968386706,30.76067111866653,-0.16636011099350448,34.806819509459935,1.0714878478776797,30.161270978990153,31.53043741166172
6.549999999999991,6.408149267976338,32.70126477229718,42.167940636026685,6.427445319461977,30.320401276853765,38.31355092586034,-4.631468937560887,-4.647397838229595,-0.669160202189266,0.4990524091681512,30.302306961431697,-0.6683451821787152,34.24957044355804,0.4985489118551701,29.80686651713804,31.13821869841336
6.599999999999991,6.416161208313914,32.77046600863814,37.506790023326474,6.434793937153386,32.71520298557505,38.321565896798674,-4.326177288449557,-4.337385650470422,-0.6091131341657069,0.49640540654630083,30.40677578307455,-0.6082937771354533,34.25826128470425,0.49568463405358704,30.010501674243844,31.296654428567912
6.649999999999991,6.418074158677801,32.84329678392834,27.545577699711604,6.436193549767578,35.70494906622131,38.333204125810504,-4.076805654417534,-4.08419479646893,-0.1215799664894178,0.915892160071867,30.947511275557765,-0.12064770475894726,34.72430123072603,0.9150750971205874,30.647056816878454,31.88267329026679
6.69999999999999,6.430258891718516,32.91141148437489,27.19682677381899,6.447642703059774,38.837626334746545,38.347877904802196,-3.8095584342754174,-3.8141535152024755,-0.011544573827787697,0.9480145623444578,31.09001368965213,-0.010432125371542398,34.80423651859446,0.9470430567486217,30.91550764474352,32.10528922525904
6.74999999999999,6.451866919529834,32.97501048165718,39.312483574081455,6.4684626455432115,41.478521905781136,38.36641911416304,-3.4645625081267903,-3.4674216630268093,-0.48074960803304645,0.3908462985294874,30.61139818668274,-0.4795611669292477,34.25454096506329,0.38959960818525863,30.585573133918956,31.73874699805898
6.79999999999999,6.4686202807310424,33.04151306901249,42.99453173667217,6.484660849524979,42.998225245668934,38.39056746275402,-3.0258094518506344,-3.0277640712375375,-0.7486854964051399,0.028330081733002985,30.363328658750163,-0.7475314471530712,33.91381390692325,0.026836582527014447,30.447774623997322,31.557134418614957
6.84999999999999,6.47613377562223,33.11352431482389,39.72676799558629,6.49180124158283,43.0775397666564,38.42020543522537,-2.5217749217851386,-2.5232516167941403,-0.4106998772966137,0.274992751362521,30.790975350575856,-0.4095632837792981,34.25593488042285,0.2733910699613532,30.941741048824547,31.989709914656945
6.89999999999999,6.484663316170804,33.18550068986169,36.24786112942066,6.499860630039661,41.90799021192689,38.453612221647084,-2.000076552974458,-2.001197552851653,0.06392117881615181,0.6580002814995674,31.3649415815811,0.06513297809659951,34.751250256586104,0.6563954310739205,31.579884212550112,32.56298409565507
6.9499999999999895,6.5006616360824925,33.253664672060864,34.04415219009045,6.5151852712100755,40.023703827161654,38.48948733350737,-1.501373147386068,-1.5021478453366055,-0.037987192487313665,0.4518649430739968,31.321805216592278,-0.036637712559473394,34.63764582694945,0.4502737966739432,31.609981887206953,32.53704316770224
6.999999999999989,6.517191720096644,33.321811462091084,32.051354446663055,6.531027754575637,37.9636793538108,38.52879597568585,-1.0548154226544348,-1.0552803749701827,-0.4525362644488046,-0.06994048134889964,30.95160909010928,-0.45107633080597126,34.20152741487656,-0.07157777737760374,31.30862451795434,32.18352966461203
7.049999999999989,6.526859466433564,33.394457063758296,29.821679613475702,6.540192670609728,36.07581024588505,38.57297864365932,-0.6787535386628367,-0.679008420532651,-0.45728954917696385,-0.17310415877426652,31.003916462846778,-0.45582832597543954,34.1965292688631,-0.1748334268771423,31.41086544739292,32.23137914866982
7.099999999999989,6.534838503490739,33.46861903972161,27.741679509688556,6.547783503428838,34.5424613665285,38.62009623154159,-0.38278466259838484,-0.3829679510359211,0.033054549239976465,0.21243362006953728,31.583513807245083,0.03444065887931483,34.73167192786183,0.21068646773787866,31.99420455622471,32.753035237191355
7.149999999999989,6.548359736863273,33.53961135947607,26.318614792556243,6.56085051087576,33.45503134676531,38.668315971619215,-0.16816181208849823,-0.16839151210878656,0.39507936638342533,0.46018580725005526,32.05567893140061,0.3964163937180185,35.160152757445246,0.45855834686882985,32.441169800403976,33.13215688473431
7.199999999999989,6.563860793483366,33.60941647273318,25.74738043210278,6.575788311684157,32.90784771220376,38.718956080324666,-0.029730388576353874,-0.030068173117038625,0.18430618955847067,0.13985905343344324,31.93699941840095,0.18568097633571984,34.986995975167396,0.13848454983695763,32.288103980014526,32.915123982393965
7.2499999999999885,6.572038008382535,33.68441046944302,27.01444843823034,6.5833905577796505,32.82937447599811,38.77441620022188,0.0384642979655389,0.038025869635180023,-0.08781587322404853,-0.23330945077634857,31.74679397198563,-0.08630780062525972,34.74464539629105,-0.23433417553571234,32.03089878758253,32.597949700121866
7.299999999999988,6.5749972800386445,33.763524469747765,29.783716464978216,6.585769784121961,32.99379682450394,38.834331570418115,0.04078391899674931,0.040283343432396965,0.11806880764940393,-0.12469402382500183,32.05287302502849,0.11976294003305193,35.02250469710557,-0.12534499170797084,32.23114732257942,32.73604083580264
7.349999999999988,6.582790156588784,33.83944648547158,32.33073222129281,6.592916316329394,33.21685021916986,38.897036955983964,-0.024374837743280142,-0.024908207967669387,0.6477447010091941,0.31098194142751007,32.67909903002285,0.6495871417529321,35.64372191705371,0.3106735297732358,32.730464899898905,33.17337752385476
7.399999999999988,6.597330259499886,33.910040967171355,34.09884080999907,6.606783445055532,33.48653336651872,38.95978980821562,-0.16338620259816553,-0.16398594419269316,0.8495984346487913,0.42599690702194043,32.953333777579694,0.851482317742238,35.89245344815176,0.42600724316329475,32.838540822072794,33.22314381413049
7.449999999999988,6.607110548649322,33.98398227794587,35.1154754006519,6.616052313049038,33.93851950899108,39.02456971062074,-0.3922666356912347,-0.3930458638653629,0.5870177313699719,0.09281150221879902,32.75999290607515,0.5888386520858918,35.59140837620379,0.09311132031932659,32.41391548114205,32.7442507014274
7.499999999999988,6.606160402940321,34.067044368445224,35.48086381564872,6.614788780675647,34.69849676019534,39.09316480195531,-0.7349623424823328,-0.736102471612785,0.453771622361904,-0.09248384849747768,32.65802967100697,0.45547492032265735,35.46026162656694,-0.09189457414752741,32.06075782596532,32.34135388989217
7.549999999999987,6.602876905485101,34.15250157829216,35.24919550948804,6.611145783934783,35.766140002738844,39.163885356736984,-1.224205399478651,-1.225899262462731,0.7797463499402686,0.18736131484381946,33.18634235311273,0.7813640202715493,35.96424759357481,0.18834421182052852,32.08930328579836,32.32568471380357
7.599999999999987,6.607927674263143,34.23003457165639,34.363042119766206,6.61550021270828,37.080711320676436,39.23533152741873,-1.9004871627800524,-1.9029251226780797,1.2418243750599525,0.6092402999726961,33.74736489864544,1.2434792051545476,36.56736787541356,0.6108196217165309,32.15904952686901,32.353000465568144
7.649999999999987,6.616349265211914,34.30282882466861,32.61005300227047,6.62295927562805,38.60234820165688,39.308572910761974,-2.8212828465319175,-2.8246633095744054,1.2820353085646266,0.634220832527677,33.84070017765584,1.2838528272247498,36.647489810773834,0.6365412820460274,31.68422354722548,31.85043317651359
7.699999999999987,6.6162589921502395,34.383217942397394,29.587802511687705,6.622010193331807,40.266092407011016,39.38526575301407,-4.0658201310288575,-4.070431286164997,1.0191727742136556,0.3826156440397718,33.64030426053292,1.021210299299487,36.4117007885198,0.38568121675901257,30.77571874467674,30.9134929734994
7.749999999999987,6.606175976763384,34.4747130782454,24.865568310984678,6.611395184915288,41.86307353364933,39.46668003731795,-5.762221274166909,-5.76859030846412,0.9941407198865928,0.38018506511276706,33.730106108775026,0.9963375770786458,36.46363492858265,0.38386199957830713,29.996069450036114,30.108522351310903
7.7999999999999865,6.596637167133707,34.56512396013403,23.032808031939382,6.601438419340134,42.967243574706444,39.54813329218878,-8.14347984193921,-8.15275429375147,1.3489470403806527,0.7681885208178882,34.238471939114106,1.351124532102301,36.98895753935626,0.7722848953270762,29.47605064084665,29.568896000385042
7.849999999999986,6.592690362039521,34.64608162545875,27.212293047945337,6.596917894413721,43.0339731097273,39.62890776914708,-11.734438802423501,-11.74973244821823,1.701682635958551,1.1750271700749044,34.74950777667731,1.703653598913769,37.5356335506926,1.179399649215083,28.78463421594595,28.858871290375014
7.899999999999986,6.587375775109915,34.72483537814174,30.221057741423685,6.590869261521005,41.87075911025534,39.71156576127833,-18.040657386369364,-18.07461705645107,1.6299806212017791,1.183498381061345,34.81591979635654,1.6316602428501432,37.612422495784976,1.1880558670319332,27.49134693651106,27.545687529601768
7.949999999999986,6.573396708317089,34.81442775123399,32.13356481783576,6.576135748426958,39.74892413249642,39.798503044157144,-22.726431823485033,-22.72187025582297,1.3561325609484869,1.0061664262834213,34.67872790109753,1.357580799265391,37.42851185830866,1.0108912216899137,25.824814462008177,25.860721206842175
7.999999999999986,6.5536564891248315,34.91255573683422,33.237414654675355,6.555534024292568,36.962076527432714,39.88960055875933,-14.074164936544427,-14.058520864864956,1.358094232961169,1.1087357399141626,34.88282281417553,1.3595244252381549,37.5301996409958,1.1137945048032365,24.250699864869517,24.270037817943468
