finger_length_um,Z0_ohm
0.5349,122.365
0.6113,122.284
0.6877,122.284
0.7641,122.365
0.8405,122.121
0.9169,121.387
0.9933,120.571
1.0697,119.592
1.1461,118.695
1.2225,117.390
1.2989,115.514
1.3754,113.638
1.4518,112.007
1.5282,110.294
1.6046,108.662
1.6810,107.194
1.7574,105.726
1.8338,104.258
1.9102,102.708
1.9866,101.321
2.0630,100.098
2.1394,98.874
2.2159,97.569
2.2923,96.346
2.3687,95.122
2.4451,93.980
2.5215,92.920
2.5979,91.778
2.6743,90.718
2.7507,89.494
2.8271,88.434
2.9035,87.700
2.9799,86.966
3.0564,86.069
3.1328,85.334
3.2092,84.763
3.2856,83.866
3.3620,82.806
3.4384,81.990
3.5148,81.338
3.5912,80.604
3.6676,79.951
3.7440,79.299
3.8204,79.788
3.8968,76.852
3.9733,76.852
4.0497,76.852
4.1261,76.281
4.2025,75.710
4.2789,75.139
4.3553,74.649
4.4317,74.160
4.5081,73.752
4.5845,73.181
4.6609,72.121
4.7373,71.958
4.8138,71.550
4.8902,71.060
4.9666,70.816
5.0430,70.571
5.1194,70.326
5.1958,69.918
5.2722,69.266
5.3486,69.347
5.4250,68.940
5.5014,68.042
5.5778,67.635
5.6543,67.227
5.7307,66.819
5.8071,66.493
5.8835,66.166
5.9599,65.677
6.0363,65.351
6.1127,65.024
6.1891,64.698
6.2655,64.290
6.3419,63.964
6.4183,63.638
6.4947,63.312
6.5712,62.414
6.6476,62.088
6.7240,62.088
6.8004,61.843
6.8768,61.599
6.9532,61.354
7.0296,61.191
7.1060,61.028
7.1824,60.783
7.2588,60.538
7.3352,60.294
7.4117,60.375
7.4881,59.560
7.5645,59.152
7.6409,58.907
7.7173,58.662
7.7937,58.418
7.8701,58.091
7.9465,57.928
8.0229,57.602
8.0993,57.439
8.1757,57.194
8.2521,56.949
8.3286,56.705
8.4050,56.460
8.4814,56.297
8.5578,55.481
8.6342,55.318
8.7106,55.318
8.7870,55.155
8.8634,54.992
8.9398,54.829
9.0162,54.747
9.0926,54.584
9.1691,54.502
9.2455,54.421
9.3219,54.176
9.3983,54.258
9.4747,53.768
9.5511,53.361
9.6275,53.116
9.7039,52.953
9.7803,52.790
9.8567,52.626
9.9331,52.382
10.0096,52.219
10.0860,52.055
10.1624,51.892
10.2388,51.729
10.3152,51.566
10.3916,51.403
10.4680,51.158
10.5444,50.669
10.6208,50.424
10.6972,50.424
10.7736,50.343
10.8500,50.179
10.9265,50.179
11.0029,49.935
11.0793,49.935
11.1557,49.853
11.2321,49.772
11.3085,49.690
11.3849,49.690
11.4613,49.445
11.5377,48.956
11.6141,48.793
11.6905,48.630
11.7670,48.467
11.8434,48.303
11.9198,48.140
11.9962,48.140
12.0726,48.059
12.1490,47.814
12.2254,47.651
12.3018,47.488
12.3782,47.406
12.4546,47.162
12.5310,46.835
12.6074,46.591
12.6839,46.591
12.7603,46.509
12.8367,46.427
12.9131,46.427
12.9895,46.427
13.0659,46.101
13.1423,46.101
13.2187,46.101
13.2951,46.020
13.3715,46.020
13.4479,45.938
13.5244,45.530
13.6008,45.367
13.6772,45.285
13.7536,45.122
13.8300,44.959
13.9064,44.959
13.9828,44.796
14.0592,44.633
14.1356,44.551
14.2120,44.470
14.2884,44.307
14.3649,44.144
14.4413,44.062
14.5177,43.899
14.5941,43.491
14.6705,43.491
14.7469,43.491
14.8233,43.491
14.8997,43.573
14.9761,43.328
15.0525,43.328
15.1289,43.165
15.2053,43.165
15.2818,43.083
15.3582,43.165
15.4346,43.002
15.5110,42.675
15.5874,42.512
15.6638,42.512
15.7402,42.349
15.8166,42.268
15.8930,42.186
15.9694,42.023
16.0458,42.023
16.1223,41.860
16.1987,41.778
16.2751,41.697
16.3515,41.615
16.4279,41.533
16.5043,41.370
16.5807,41.126
16.6571,40.962
16.7335,41.044
16.8099,41.207
16.8863,41.126
16.9628,41.044
17.0392,40.962
17.1156,40.881
17.1920,40.799
17.2684,40.718
17.3448,40.718
17.4212,40.636
17.4976,40.310
17.5740,40.228
17.6504,40.147
17.7268,40.065
17.8032,39.984
17.8797,39.902
17.9561,39.821
18.0325,39.739
18.1089,39.739
18.1853,39.576
18.2617,39.576
18.3381,39.413
18.4145,39.413
18.4909,39.250
18.5673,39.005
18.6437,38.842
18.7202,38.923
18.7966,38.923
18.8730,38.923
18.9494,38.842
19.0258,38.679
19.1022,38.679
19.1786,38.597
19.2550,38.597
19.3314,38.679
19.4078,38.679
19.4842,38.352
19.5606,38.271
19.6371,38.189
19.7135,38.108
19.7899,38.026
19.8663,37.945
19.9427,37.945
20.0191,37.781
20.0955,37.781
20.1719,37.700
20.2483,37.618
20.3247,37.537
20.4011,37.455
20.4776,37.374
20.5540,37.129
20.6304,37.047
20.7068,37.047
20.7832,37.129
20.8596,37.129
20.9360,37.047
21.0124,36.884
21.0888,37.047
21.1652,36.803
21.2416,36.803
21.3181,36.884
21.3945,36.884
21.4709,36.721
21.5473,36.558
21.6237,36.476
21.7001,36.395
21.7765,36.313
21.8529,36.232
21.9293,36.232
22.0057,36.069
22.0821,36.069
22.1585,36.069
22.2350,35.905
22.3114,35.905
22.3878,35.824
22.4642,35.742
22.5406,35.661
22.6170,35.416
22.6934,35.416
22.7698,35.498
22.8462,35.498
22.9226,35.416
22.9990,35.334
23.0755,35.253
23.1519,35.334
23.2283,35.171
23.3047,35.253
23.3811,35.334
23.4575,35.171
23.5339,35.008
23.6103,34.927
23.6867,34.927
23.7631,34.763
23.8395,34.763
23.9160,34.763
23.9924,34.682
24.0688,34.600
24.1452,34.600
24.2216,34.519
24.2980,34.437
24.3744,34.437
24.4508,34.356
24.5272,34.356
24.6036,34.029
24.6800,34.029
24.7564,34.111
24.8329,34.192
24.9093,34.111
24.9857,34.029
25.0621,33.948
25.1385,33.948
25.2149,33.866
25.2913,34.029
25.3677,33.948
25.4441,33.866
25.5205,33.703
25.5969,33.622
25.6734,33.622
25.7498,33.458
25.8262,33.458
25.9026,33.458
25.9790,33.458
26.0554,33.295
26.1318,33.295
26.2082,33.295
26.2846,33.132
26.3610,33.132
26.4374,33.051
26.5138,33.051
26.5903,32.887
26.6667,32.806
26.7431,32.806
26.8195,32.887
26.8959,32.724
26.9723,32.724
27.0487,32.643
27.1251,32.643
27.2015,32.561
27.2779,32.643
27.3543,32.806
27.4308,32.643
27.5072,32.480
27.5836,32.480
27.6600,32.398
27.7364,32.316
27.8128,32.316
27.8892,32.316
27.9656,32.153
28.0420,32.153
28.1184,32.153
28.1948,32.153
28.2713,31.990
28.3477,31.990
28.4241,31.909
28.5005,31.909
28.5769,31.746
28.6533,31.664
28.7297,31.664
28.8061,31.746
28.8825,31.664
28.9589,31.664
29.0353,31.582
29.1117,31.582
29.1882,31.582
29.2646,31.501
29.3410,31.664
29.4174,31.582
29.4938,31.419
29.5702,31.338
29.6466,31.338
29.7230,31.338
29.7994,31.175
29.8758,31.175
29.9522,31.175
30.0287,31.175
30.1051,31.011
30.1815,31.011
30.2579,31.011
30.3343,31.011
30.4107,30.930
30.4871,30.848
30.5635,30.767
30.6399,30.604
30.7163,30.604
30.7927,30.685
30.8691,30.767
30.9456,30.604
31.0220,30.604
31.0984,30.522
31.1748,30.604
31.2512,30.522
31.3276,30.604
31.4040,30.604
31.4804,30.440
31.5568,30.359
31.6332,30.359
31.7096,30.359
31.7861,30.196
31.8625,30.196
31.9389,30.196
32.0153,30.196
32.0917,30.196
32.1681,30.033
32.2445,30.033
32.3209,30.033
32.3973,30.033
32.4737,29.951
32.5501,29.951
32.6266,29.788
32.7030,29.788
32.7794,29.788
32.8558,29.869
32.9322,29.788
33.0086,29.788
33.0850,29.706
33.1614,29.706
33.2378,29.625
33.3142,29.788
33.3906,29.788
33.4670,29.625
33.5435,29.543
33.6199,29.543
33.6963,29.380
33.7727,29.380
33.8491,29.380
33.9255,29.380
34.0019,29.217
34.0783,29.217
34.1547,29.217
34.2311,29.217
34.3075,29.217
34.3840,29.217
34.4604,29.054
34.5368,29.135
34.6132,28.891
34.6896,28.891
34.7660,28.972
34.8424,28.972
34.9188,28.972
34.9952,28.891
35.0716,28.891
35.1480,28.809
35.2245,28.809
35.3009,28.891
35.3773,28.891
35.4537,28.809
35.5301,28.728
35.6065,28.728
35.6829,28.564
35.7593,28.564
35.8357,28.564
35.9121,28.564
35.9885,28.564
36.0649,28.401
36.1414,28.401
36.2178,28.401
36.2942,28.401
36.3706,28.401
36.4470,28.320
36.5234,28.320
36.5998,28.157
36.6762,28.075
36.7526,28.157
36.8290,28.157
36.9054,28.238
36.9819,28.157
37.0583,28.075
37.1347,28.157
37.2111,28.157
37.2875,27.993
37.3639,28.075
37.4403,28.075
37.5167,27.912
37.5931,27.912
37.6695,27.912
37.7459,27.912
37.8223,27.830
37.8988,27.749
37.9752,27.749
38.0516,27.749
38.1280,27.749
38.2044,27.749
38.2808,27.749
38.3572,27.586
38.4336,27.586
38.5100,27.586
38.5864,27.423
38.6628,27.423
38.7393,27.504
38.8157,27.504
38.8921,27.423
38.9685,27.423
39.0449,27.423
39.1213,27.341
39.1977,27.341
39.2741,27.423
39.3505,27.423
39.4269,27.423
39.5033,27.259
39.5798,27.259
39.6562,27.259
39.7326,27.096
39.8090,27.096
39.8854,27.096
39.9618,27.096
40.0382,27.015
40.1146,27.096
40.1910,27.015
40.2674,26.933
40.3438,26.933
40.4202,26.933
40.4967,26.933
40.5731,26.852
40.6495,26.770
40.7259,26.688
40.8023,26.852
40.8787,26.688
40.9551,26.770
41.0315,26.770
41.1079,26.688
41.1843,26.688
41.2607,26.688
41.3372,26.688
41.4136,26.770
41.4900,26.607
41.5664,26.607
41.6428,26.607
41.7192,26.607
41.7956,26.444
41.8720,26.444
41.9484,26.444
42.0248,26.444
42.1012,26.444
42.1777,26.444
42.2541,26.444
42.3305,26.281
42.4069,26.281
42.4833,26.281
42.5597,26.199
42.6361,26.117
42.7125,26.199
42.7889,26.199
42.8653,26.281
42.9417,26.117
43.0181,26.117
43.0946,26.117
43.1710,26.199
43.2474,26.036
43.3238,26.199
43.4002,26.117
43.4766,26.036
43.5530,25.954
43.6294,25.954
43.7058,25.954
43.7822,25.954
43.8586,25.954
43.9351,25.873
44.0115,25.791
44.0879,25.791
44.1643,25.791
44.2407,25.791
44.3171,25.791
44.3935,25.791
44.4699,25.710
44.5463,25.710
44.6227,25.546
44.6991,25.546
44.7755,25.628
44.8520,25.628
44.9284,25.465
45.0048,25.546
45.0812,25.546
45.1576,25.546
45.2340,25.546
45.3104,25.546
45.3868,25.546
45.4632,25.546
45.5396,25.383
45.6160,25.465
45.6925,25.302
45.7689,25.302
45.8453,25.302
45.9217,25.302
45.9981,25.302
46.0745,25.302
46.1509,25.302
46.2273,25.302
46.3037,25.139
46.3801,25.139
46.4565,25.139
46.5330,25.139
46.6094,24.976
46.6858,25.057
46.7622,25.057
46.8386,25.057
46.9150,25.139
46.9914,25.057
47.0678,24.976
47.1442,25.057
47.2206,25.057
47.2970,25.057
47.3734,24.976
47.4499,24.976
47.5263,24.894
47.6027,24.812
47.6791,24.812
47.7555,24.812
47.8319,24.812
47.9083,24.812
47.9847,24.812
48.0611,24.812
48.1375,24.812
48.2139,24.649
48.2904,24.649
48.3668,24.649
48.4432,24.649
48.5196,24.649
48.5960,24.486
48.6724,24.486
48.7488,24.486
48.8252,24.568
48.9016,24.649
48.9780,24.568
49.0544,24.486
49.1309,24.568
49.2073,24.568
49.2837,24.405
49.3601,24.486
49.4365,24.486
49.5129,24.405
49.5893,24.405
49.6657,24.323
49.7421,24.323
49.8185,24.323
49.8949,24.323
49.9713,24.323
50.0478,24.323
50.1242,24.323
50.2006,24.160
50.2770,24.160
50.3534,24.160
50.4298,24.160
50.5062,24.160
50.5826,24.078
50.6590,23.997
50.7354,24.078
50.8118,24.160
50.8883,24.160
50.9647,24.078
51.0411,24.078
51.1175,24.078
51.1939,23.997
51.2703,23.915
51.3467,23.997
51.4231,23.997
51.4995,23.915
51.5759,23.915
51.6523,23.834
51.7287,23.834
51.8052,23.834
51.8816,23.834
51.9580,23.834
52.0344,23.834
52.1108,23.834
52.1872,23.834
52.2636,23.834
52.3400,23.752
52.4164,23.670
52.4928,23.752
52.5692,23.589
52.6457,23.589
52.7221,23.589
52.7985,23.670
52.8749,23.589
52.9513,23.589
53.0277,23.589
53.1041,23.670
53.1805,23.589
53.2569,23.589
53.3333,23.589
53.4097,23.589
53.4862,23.507
53.5626,23.507
53.6390,23.507
53.7154,23.507
53.7918,23.507
53.8682,23.344
53.9446,23.344
54.0210,23.344
54.0974,23.344
54.1738,23.344
54.2502,23.344
54.3266,23.344
54.4031,23.344
54.4795,23.263
54.5559,23.263
54.6323,23.100
54.7087,23.100
54.7851,23.263
54.8615,23.100
54.9379,23.181
55.0143,23.181
55.0907,23.181
55.1671,23.018
55.2436,23.100
55.3200,23.100
55.3964,23.100
55.4728,23.100
55.5492,23.100
55.6256,23.018
55.7020,23.018
55.7784,23.018
55.8548,23.018
55.9312,23.018
56.0076,23.018
56.0840,23.018
56.1605,22.936
56.2369,22.855
56.3133,22.855
56.3897,22.855
56.4661,22.855
56.5425,22.855
56.6189,22.773
56.6953,22.773
56.7717,22.773
56.8481,22.773
56.9245,22.855
57.0010,22.773
57.0774,22.855
57.1538,22.773
57.2302,22.773
57.3066,22.773
57.3830,22.773
57.4594,22.773
57.5358,22.692
57.6122,22.692
57.6886,22.692
57.7650,22.692
57.8415,22.610
57.9179,22.529
57.9943,22.529
58.0707,22.529
58.1471,22.529
58.2235,22.529
58.2999,22.529
58.3763,22.529
58.4527,22.529
58.5291,22.447
58.6055,22.365
58.6819,22.365
58.7584,22.447
58.8348,22.529
58.9112,22.447
58.9876,22.365
59.0640,22.365
59.1404,22.365
59.2168,22.365
59.2932,22.365
59.3696,22.365
59.4460,22.365
59.5224,22.284
59.5989,22.202
59.6753,22.202
59.7517,22.202
59.8281,22.202
59.9045,22.202
59.9809,22.202
60.0573,22.202
60.1337,22.202
60.2101,22.202
60.2865,22.202
60.3629,22.202
60.4394,22.121
60.5158,22.121
60.5922,22.039
60.6686,22.039
60.7450,22.121
60.8214,21.958
60.8978,21.958
60.9742,22.039
61.0506,22.039
61.1270,21.958
61.2034,21.958
61.2798,22.039
61.3563,22.039
61.4327,22.039
61.5091,21.958
61.5855,21.958
61.6619,21.876
61.7383,21.876
61.8147,21.876
61.8911,21.876
61.9675,21.876
62.0439,21.876
62.1203,21.876
62.1968,21.876
62.2732,21.876
62.3496,21.794
62.4260,21.713
62.5024,21.794
62.5788,21.713
62.6552,21.713
62.7316,21.631
62.8080,21.631
62.8844,21.631
62.9608,21.631
63.0372,21.713
63.1137,21.550
63.1901,21.631
63.2665,21.631
63.3429,21.631
63.4193,21.713
63.4957,21.631
63.5721,21.550
63.6485,21.550
63.7249,21.550
63.8013,21.550
63.8777,21.550
63.9542,21.550
64.0306,21.550
64.1070,21.550
64.1834,21.550
64.2598,21.468
64.3362,21.387
64.4126,21.387
64.4890,21.468
64.5654,21.387
64.6418,21.305
64.7182,21.305
64.7947,21.305
64.8711,21.387
64.9475,21.305
65.0239,21.305
65.1003,21.223
65.1767,21.305
65.2531,21.305
65.3295,21.305
65.4059,21.305
65.4823,21.305
65.5587,21.223
65.6351,21.223
65.7116,21.223
65.7880,21.223
65.8644,21.223
65.9408,21.223
66.0172,21.223
66.0936,21.223
66.1700,21.223
66.2464,21.223
66.3228,21.060
66.3992,21.060
66.4756,21.142
66.5521,21.142
66.6285,20.979
66.7049,20.979
66.7813,21.142
66.8577,21.142
66.9341,21.060
67.0105,21.142
67.0869,21.060
67.1633,21.060
67.2397,20.979
67.3161,20.979
67.3926,20.979
67.4690,20.979
67.5454,20.979
67.6218,20.897
67.6982,20.897
67.7746,20.897
67.8510,20.897
67.9274,20.897
68.0038,20.897
68.0802,20.897
68.1566,20.897
68.2330,20.897
68.3095,20.897
68.3859,20.897
68.4623,20.816
68.5387,20.816
68.6151,20.734
68.6915,20.816
68.7679,20.979
68.8443,20.816
68.9207,20.816
68.9971,20.816
69.0735,20.816
69.1500,20.734
69.2264,20.897
69.3028,20.897
69.3792,20.816
69.4556,20.653
69.5320,20.653
69.6084,20.571
69.6848,20.571
69.7612,20.571
69.8376,20.571
69.9140,20.571
69.9904,20.571
70.0669,20.571
70.1433,20.571
70.2197,20.571
70.2961,20.571
70.3725,20.489
70.4489,20.489
70.5253,20.489
70.6017,20.489
70.6781,20.489
70.7545,20.489
70.8309,20.571
70.9074,20.408
70.9838,20.408
71.0602,20.408
71.1366,20.408
71.2130,20.489
71.2894,20.408
71.3658,20.489
71.4422,20.408
71.5186,20.326
71.5950,20.326
71.6714,20.326
71.7479,20.245
71.8243,20.245
71.9007,20.245
71.9771,20.245
72.0535,20.245
72.1299,20.245
72.2063,20.245
72.2827,20.245
72.3591,20.245
72.4355,20.245
72.5119,20.245
72.5883,20.163
72.6648,20.163
72.7412,20.163
72.8176,20.163
72.8940,20.163
72.9704,20.163
73.0468,20.163
73.1232,20.245
73.1996,20.163
73.2760,20.082
73.3524,20.163
73.4288,20.082
73.5053,20.082
73.5817,20.082
73.6581,20.082
73.7345,20.082
73.8109,20.082
73.8873,20.082
73.9637,20.082
74.0401,20.082
74.1165,20.082
74.1929,20.082
74.2693,19.918
74.3457,19.918
74.4222,19.918
74.4986,20.000
74.5750,20.000
74.6514,19.918
74.7278,19.837
74.8042,19.918
74.8806,19.837
74.9570,19.918
75.0334,19.918
75.1098,19.837
75.1862,19.837
75.2627,19.837
75.3391,19.837
75.4155,19.918
75.4919,19.837
75.5683,19.837
75.6447,19.755
75.7211,19.755
75.7975,19.755
75.8739,19.755
75.9503,19.755
76.0267,19.755
76.1032,19.755
76.1796,19.755
76.2560,19.755
76.3324,19.755
76.4088,19.755
76.4852,19.674
76.5616,19.674
76.6380,19.674
76.7144,19.674
76.7908,19.674
76.8672,19.674
76.9436,19.674
77.0201,19.674
77.0965,19.592
77.1729,19.592
77.2493,19.592
77.3257,19.592
77.4021,19.592
77.4785,19.592
77.5549,19.592
77.6313,19.592
77.7077,19.592
77.7841,19.592
77.8606,19.592
77.9370,19.592
78.0134,19.511
78.0898,19.511
78.1662,19.511
78.2426,19.511
78.3190,19.429
78.3954,19.429
78.4718,19.429
78.5482,19.429
78.6246,19.347
78.7011,19.184
78.7775,19.347
78.8539,19.347
78.9303,19.347
79.0067,19.347
79.0831,19.266
79.1595,19.266
79.2359,19.184
79.3123,19.184
79.3887,19.266
79.4651,19.266
79.5415,19.266
79.6180,19.266
79.6944,19.184
79.7708,19.184
79.8472,19.103
79.9236,19.266
80.0000,19.266
80.0764,19.266
80.1528,19.184
80.2292,19.184
80.3056,18.695
80.3820,19.184
80.4585,19.266
