unloaded_cells_each_side,loaded_cells,period_cells,supercell_repeats,device_length_mm,pump_GHz,Idc_A,Ip0_A,band_GHz,peak_gain_db,peak_frequency_GHz,mean_in_band_gain_db,median_in_band_gain_db,ripple_peak_to_peak_db,ripple_std_db,fraction_above_15db,fraction_above_17db,fraction_above_20db,bandwidth_regions_GHz,total_3db_bandwidth_GHz,finite,minimum_in_band_gain_db,maximum_in_band_gain_db,strict_pass
10,3,23,1324,60.904,15.96304347826087,0.00036,0.00028,"[4.0, 8.0]",40.3334634502535,4.0,37.91039341477494,37.62921010181384,4.603166783766653,1.699101962879923,1.0,1.0,1.0,"[(4.0, 5.5), (7.0, 7.0)]",2.5,True,35.73029666648684,40.3334634502535,False
15,4,34,896,60.928000000000004,10.732352941176469,0.00036,0.00028,"[4.0, 8.0]",41.514085059122145,6.0,38.149746468161965,38.87784209789109,7.298040156614633,2.6801952098479958,1.0,1.0,1.0,"[(4.5, 4.5), (6.0, 7.0), (8.0, 8.0)]",2.5,True,34.21604490250751,41.514085059122145,False
14,3,31,982,60.884,11.930645161290323,0.00036,0.00028,"[4.0, 8.0]",42.87513325589927,7.0,38.800226430948626,38.64344872235305,7.675005565175951,2.332582675192574,1.0,1.0,1.0,"[(6.5, 7.5)]",1.5,True,35.20012769072332,42.87513325589927,False
16,2,34,896,60.928000000000004,10.732352941176469,0.00036,0.00028,"[4.0, 8.0]",40.496500352696856,7.5,35.967237438100426,34.805868245796205,7.811745235621984,2.4056258802798776,1.0,1.0,1.0,"[(6.0, 6.5), (7.5, 7.5)]",1.5,True,32.68475511707487,40.496500352696856,False
16,3,35,870,60.9,10.572857142857144,0.00036,0.00028,"[4.0, 8.0]",41.16669251631778,5.5,36.26970863852165,36.59967697027169,8.041923775838583,2.615167005410529,1.0,1.0,1.0,"[(5.0, 5.5)]",1.0,True,33.1247687404792,41.16669251631778,False
15,3,33,923,60.918,11.310606060606062,0.00036,0.00028,"[4.0, 8.0]",40.657542418825145,7.0,37.107668752945536,38.529686631848485,8.225928597311466,2.9340543602021776,1.0,1.0,1.0,"[(4.5, 4.5), (5.5, 5.5), (6.5, 8.0)]",3.0,True,32.43161382151368,40.657542418825145,False
11,2,24,1269,60.912,15.345833333333333,0.00036,0.00028,"[4.0, 8.0]",40.95164950780216,6.0,36.459451926046825,36.31433750876978,8.391748964800307,3.0611931568823323,1.0,1.0,1.0,"[(6.0, 6.5), (7.5, 7.5)]",1.5,True,32.55990054300185,40.95164950780216,False
10,3,23,1324,60.904,16.11304347826087,0.00036,0.00028,"[4.0, 8.0]",39.42639470393742,6.0,36.7869004286531,37.858675668343494,8.5012207801905,2.712854516047534,1.0,1.0,1.0,"[(4.5, 6.5), (8.0, 8.0)]",3.0,True,30.925173923746918,39.42639470393742,False
17,4,38,801,60.876000000000005,9.642105263157895,0.00036,0.00028,"[4.0, 8.0]",44.18272966594672,8.0,40.46188632464515,40.75208072061814,8.57371859912898,2.9472685322036374,1.0,1.0,1.0,"[(5.5, 6.0), (7.0, 7.0), (8.0, 8.0)]",2.0,True,35.609011066817736,44.18272966594672,False
14,3,31,982,60.884,11.780645161290321,0.00036,0.00028,"[4.0, 8.0]",41.87568902396707,7.5,36.309440712136194,36.618042101323816,8.9045065233273,2.891322050818248,1.0,1.0,1.0,"[(7.0, 7.5)]",1.0,True,32.97118250063977,41.87568902396707,False
17,5,39,781,60.918,9.543589743589745,0.00036,0.00028,"[4.0, 8.0]",40.7317461671859,6.5,36.98270735949234,37.82522828084818,8.92099886611711,3.2489560789104828,1.0,1.0,1.0,"[(5.5, 7.5)]",2.5,True,31.810747301068787,40.7317461671859,False
14,3,31,982,60.884,11.830645161290322,0.00036,0.00028,"[4.0, 8.0]",39.64934830439491,5.0,36.40098993908182,36.94547144017386,8.974014750020416,2.757110474240497,1.0,1.0,1.0,"[(5.0, 5.5), (6.5, 7.0), (8.0, 8.0)]",2.5,True,30.675333554374497,39.64934830439491,False
14,3,31,982,60.884,11.73064516129032,0.00036,0.00028,"[4.0, 8.0]",40.225809729558,8.0,35.68847863780381,35.55263607471896,9.06805061809526,2.7050425949727086,1.0,1.0,1.0,"[(6.0, 6.5), (8.0, 8.0)]",1.5,True,31.15775911146274,40.225809729558,False
17,2,36,846,60.912,10.380555555555558,0.00036,0.00028,"[4.0, 8.0]",40.45639791893353,6.0,36.80066275449722,38.38824388976144,9.73118461176232,2.973097749384609,1.0,1.0,1.0,"[(5.5, 7.0), (8.0, 8.0)]",2.5,True,30.725213307171213,40.45639791893353,False
17,5,39,781,60.918,9.393589743589743,0.00036,0.00028,"[4.0, 8.0]",42.16396605351446,5.5,38.63008780315782,39.14226210855852,9.781588843498362,2.7329453256228504,1.0,1.0,1.0,"[(4.5, 4.5), (5.5, 5.5), (6.5, 7.0)]",2.0,True,32.382377210016095,42.16396605351446,False
17,3,37,823,60.902,9.954054054054055,0.00036,0.00028,"[4.0, 8.0]",45.42187846762897,8.0,39.666257625303096,39.479901957987494,9.812716861529168,2.710420092676791,1.0,1.0,1.0,"[(8.0, 8.0)]",0.5,True,35.6091616060998,45.42187846762897,False
10,4,24,1269,60.912,15.395833333333334,0.00036,0.00028,"[4.0, 8.0]",41.36869597698808,8.0,36.512086968387514,36.57712573639718,10.089200972000633,3.3619571339429193,1.0,1.0,1.0,"[(6.5, 6.5), (7.5, 8.0)]",1.5,True,31.279495004987446,41.36869597698808,False
10,3,23,1324,60.904,16.01304347826087,0.00036,0.00028,"[4.0, 8.0]",43.256619847641886,7.0,38.74650399937691,39.06593051610542,10.31299901616903,2.8520137495839797,1.0,1.0,1.0,"[(5.0, 5.0), (7.0, 7.5)]",1.5,True,32.943620831472856,43.256619847641886,False
15,3,33,923,60.918,11.260606060606062,0.00036,0.00028,"[4.0, 8.0]",46.17882267007933,7.5,40.17827933119633,40.87749015964584,10.434898722280273,3.3706827651728073,1.0,1.0,1.0,"[(7.5, 7.5)]",0.5,True,35.743923947799054,46.17882267007933,False
14,3,31,982,60.884,12.030645161290325,0.00036,0.00028,"[4.0, 8.0]",43.698580200796506,7.5,36.75466822873262,35.74453902870508,10.531869225985815,3.1728997371682706,1.0,1.0,1.0,"[(7.5, 7.5)]",0.5,True,33.16671097481069,43.698580200796506,False
16,3,35,870,60.9,10.622857142857145,0.00036,0.00028,"[4.0, 8.0]",40.70135543037453,4.5,36.22408526038586,36.17425924094472,10.786972005506438,3.191194728255822,1.0,1.0,1.0,"[(4.5, 4.5), (6.5, 7.0)]",1.5,True,29.914383424868088,40.70135543037453,False
10,3,23,1324,60.904,16.063043478260873,0.00036,0.00028,"[4.0, 8.0]",41.68701164672591,8.0,36.88613887429395,36.82348305850856,10.842509329041317,3.2362531791093354,1.0,1.0,1.0,"[(5.0, 5.0), (6.0, 6.0), (8.0, 8.0)]",1.5,True,30.84450231768459,41.68701164672591,False
17,2,36,846,60.912,10.280555555555557,0.00036,0.00028,"[4.0, 8.0]",42.18054956313477,6.5,37.52044042232151,37.86115349328598,10.91480124892286,3.6740135812086017,1.0,1.0,1.0,"[(6.0, 6.5), (7.5, 7.5)]",1.5,True,31.26574831421191,42.18054956313477,False
16,5,37,823,60.902,9.954054054054055,0.00036,0.00028,"[4.0, 8.0]",41.346165514286625,8.0,36.52713452265749,36.10341082316384,11.122113427559437,3.0728093564928516,1.0,1.0,1.0,"[(5.5, 5.5), (8.0, 8.0)]",1.0,True,30.224052086727188,41.346165514286625,False
10,3,23,1324,60.904,16.163043478260875,0.00036,0.00028,"[4.0, 8.0]",43.27796444038039,7.5,37.78773599039852,39.102188633687106,11.130535448008878,3.7704568963644713,1.0,1.0,1.0,"[(7.5, 8.0)]",1.0,True,32.14742899237151,43.27796444038039,False
14,4,32,952,60.928000000000004,11.509375,0.00036,0.00028,"[4.0, 8.0]",43.4825099743862,8.0,37.2487930116287,37.34168919731575,11.177081934626337,3.80242954333252,1.0,1.0,1.0,"[(7.5, 8.0)]",1.0,True,32.30542803975986,43.4825099743862,False
16,5,37,823,60.902,9.904054054054054,0.00036,0.00028,"[4.0, 8.0]",43.221708231288154,7.0,36.596083263550355,34.191776069129936,11.193204988118644,4.434035694115503,1.0,1.0,1.0,"[(6.0, 6.0), (7.0, 7.0), (8.0, 8.0)]",1.5,True,32.02850324316951,43.221708231288154,False
10,4,24,1269,60.912,15.345833333333333,0.00036,0.00028,"[4.0, 8.0]",40.54921881100202,7.0,36.24180341495654,36.20260716455243,11.386365970692225,3.6979147167943727,1.0,1.0,1.0,"[(4.0, 4.0), (7.0, 8.0)]",2.0,True,29.162852840309796,40.54921881100202,False
17,4,38,801,60.876000000000005,9.542105263157893,0.00036,0.00028,"[4.0, 8.0]",43.0711182674839,7.0,37.045769102715745,37.64363809072667,11.568174168076215,3.4381105630007247,1.0,1.0,1.0,"[(7.0, 7.0)]",0.5,True,31.50294409940768,43.0711182674839,False
11,5,27,1128,60.912,13.690740740740742,0.00036,0.00028,"[4.0, 8.0]",32.85790199113687,8.0,26.715051161033013,25.674129270525825,11.69638741996021,3.904591805538521,1.0,1.0,1.0,"[(6.0, 6.0), (7.5, 8.0)]",1.5,True,21.16151457117666,32.85790199113687,False
11,3,25,1218,60.9,14.581999999999997,0.00036,0.00028,"[4.0, 8.0]",31.546264065011286,8.0,25.455382155734554,24.26319599975183,12.326685521457382,3.7573036824862505,1.0,1.0,0.8888888888888888,"[(4.0, 4.0), (6.5, 6.5), (8.0, 8.0)]",1.5,True,19.219578543553904,31.546264065011286,False
17,5,39,781,60.918,9.343589743589742,0.00036,0.00028,"[4.0, 8.0]",44.911339168262344,8.0,38.03052537822449,37.573038567362744,12.473551574648006,4.2030281514947925,1.0,1.0,1.0,"[(7.5, 8.0)]",1.0,True,32.43778759361434,44.911339168262344,False
12,3,27,1128,60.912,13.64074074074074,0.00036,0.00028,"[4.0, 8.0]",34.89265023127472,7.5,29.72909302868912,30.020358864943667,12.47561093629762,3.106150150039373,1.0,1.0,1.0,"[(7.5, 7.5)]",0.5,True,22.4170392949771,34.89265023127472,False
13,3,29,1050,60.9,12.850000000000003,0.00036,0.00028,"[4.0, 8.0]",42.77761316339763,7.5,36.643900043781684,37.18433733959881,12.585826127997322,3.869435146143919,1.0,1.0,1.0,"[(7.5, 8.0)]",1.0,True,30.19178703540031,42.77761316339763,False
15,5,35,870,60.9,10.422857142857142,0.00036,0.00028,"[4.0, 8.0]",40.61910950651199,7.5,35.65072629960208,33.83557185101623,12.681036631357387,4.008235954697294,1.0,1.0,1.0,"[(5.5, 5.5), (6.5, 7.5)]",2.0,True,27.938072875154603,40.61910950651199,False
10,3,23,1324,60.904,15.91304347826087,0.00036,0.00028,"[4.0, 8.0]",44.426533570219526,7.5,37.784064648893256,38.32671542880222,12.835366306123827,3.767525278237022,1.0,1.0,1.0,"[(7.5, 7.5)]",0.5,True,31.5911672640957,44.426533570219526,False
14,4,32,952,60.928000000000004,11.409374999999999,0.00036,0.00028,"[4.0, 8.0]",43.17425331952143,8.0,35.79711794554122,35.30488509760257,13.005842726861282,3.687450108410085,1.0,1.0,1.0,"[(8.0, 8.0)]",0.5,True,30.168410592660152,43.17425331952143,False
12,3,27,1128,60.912,13.54074074074074,0.00036,0.00028,"[4.0, 8.0]",37.746319846584825,7.5,31.9471211403127,31.382178640828677,13.012874122960756,3.827655508382006,1.0,1.0,1.0,"[(6.0, 6.0), (7.5, 8.0)]",1.5,True,24.73344572362407,37.746319846584825,False
13,3,29,1050,60.9,12.700000000000001,0.00036,0.00028,"[4.0, 8.0]",43.29307666689806,7.0,35.06808635005291,32.95342687179412,13.12468845535263,4.494278410944822,1.0,1.0,1.0,"[(7.0, 7.0), (8.0, 8.0)]",1.0,True,30.16838821154543,43.29307666689806,False
15,4,34,896,60.928000000000004,10.882352941176471,0.00036,0.00028,"[4.0, 8.0]",44.20525032748432,8.0,36.80738611914728,36.89090089559232,13.147391648379301,4.119085514500467,1.0,1.0,1.0,"[(8.0, 8.0)]",0.5,True,31.05785867910502,44.20525032748432,False
13,3,29,1050,60.9,12.750000000000002,0.00036,0.00028,"[4.0, 8.0]",43.732786602905385,8.0,36.445704318434224,35.608559922858376,13.148265940514037,4.787124986798315,1.0,1.0,1.0,"[(7.0, 8.0)]",1.5,True,30.58452066239135,43.732786602905385,False
17,2,36,846,60.912,10.330555555555557,0.00036,0.00028,"[4.0, 8.0]",41.73796928827731,6.0,37.518301699251346,38.87002004814897,13.151226057069195,4.0602139220071045,1.0,1.0,1.0,"[(5.0, 6.5), (8.0, 8.0)]",2.5,True,28.586743231208118,41.73796928827731,False
16,4,36,846,60.912,10.380555555555558,0.00036,0.00028,"[4.0, 8.0]",42.09052391666533,8.0,34.759188542175735,34.3788109146989,13.56107856655533,3.8353039244937257,1.0,1.0,1.0,"[(8.0, 8.0)]",0.5,True,28.529445350110002,42.09052391666533,False
12,3,27,1128,60.912,13.740740740740742,0.00036,0.00028,"[4.0, 8.0]",35.51013202550965,4.0,30.818883185890666,32.404370093504824,13.62052248363458,3.892752296318676,1.0,1.0,1.0,"[(4.0, 4.5), (7.0, 7.5)]",2.0,True,21.889609541875068,35.51013202550965,False
16,3,35,870,60.9,10.672857142857145,0.00036,0.00028,"[4.0, 8.0]",43.55187632200912,8.0,36.394031037541176,37.23027853093474,13.68417459676731,4.03432535567699,1.0,1.0,1.0,"[(8.0, 8.0)]",0.5,True,29.86770172524181,43.55187632200912,False
10,5,25,1218,60.9,14.581999999999997,0.00036,0.00028,"[4.0, 8.0]",32.78441833929374,8.0,25.272303017684912,23.805288106182317,13.749552744407335,5.011219474442261,1.0,1.0,0.8888888888888888,"[(6.0, 6.5), (8.0, 8.0)]",1.5,True,19.0348655948864,32.78441833929374,False
17,5,39,781,60.918,9.293589743589742,0.00036,0.00028,"[4.0, 8.0]",40.240452045370425,6.5,37.58789033382643,38.95301366595076,13.858628991249347,4.065259396852523,1.0,1.0,1.0,"[(4.5, 8.0)]",4.0,True,26.381823054121078,40.240452045370425,False
15,4,34,896,60.928000000000004,10.83235294117647,0.00036,0.00028,"[4.0, 8.0]",39.42298739281966,4.0,35.42732324181978,36.669800222448345,13.964526776846064,4.191289777300885,1.0,1.0,1.0,"[(4.0, 4.0), (6.5, 8.0)]",2.5,True,25.458460615973593,39.42298739281966,False
11,2,24,1269,60.912,15.245833333333332,0.00036,0.00028,"[4.0, 8.0]",43.718802894661806,6.0,38.69269789405457,38.87292506059033,14.04142984015973,3.9380830237694724,1.0,1.0,1.0,"[(6.0, 7.0), (8.0, 8.0)]",2.0,True,29.677373054502077,43.718802894661806,False
11,5,27,1128,60.912,13.64074074074074,0.00036,0.00028,"[4.0, 8.0]",32.20598368262542,8.0,25.963354797869627,25.716140046606668,14.129998343363791,4.734035307528458,1.0,1.0,0.8888888888888888,"[(6.0, 6.5), (8.0, 8.0)]",1.5,True,18.07598533926163,32.20598368262542,False
10,3,23,1324,60.904,15.863043478260868,0.00036,0.00028,"[4.0, 8.0]",39.519884109780286,6.5,35.05679640637788,36.079895260371245,14.173081504247168,3.929327463232237,1.0,1.0,1.0,"[(4.5, 4.5), (5.5, 5.5), (6.5, 6.5), (7.5, 7.5)]",2.0,True,25.346802605533117,39.519884109780286,False
16,4,36,846,60.912,10.230555555555556,0.00036,0.00028,"[4.0, 8.0]",42.55207486180166,8.0,37.13371547194013,38.06684091800277,14.193899674739956,4.655323660472334,1.0,1.0,1.0,"[(6.0, 6.0), (7.0, 8.0)]",2.0,True,28.3581751870617,42.55207486180166,False
15,4,34,896,60.928000000000004,10.682352941176468,0.00036,0.00028,"[4.0, 8.0]",44.773171406750734,7.5,38.5939011081037,38.0522892674206,14.209011712364738,4.141708144141094,1.0,1.0,1.0,"[(7.0, 7.5)]",1.0,True,30.564159694385996,44.773171406750734,False
16,4,36,846,60.912,10.080555555555554,0.00036,0.00028,"[4.0, 8.0]",43.85855791607581,8.0,37.37032334244876,36.67144947764909,14.256013211119686,4.397114781421116,1.0,1.0,1.0,"[(7.0, 7.0), (8.0, 8.0)]",1.0,True,29.602544704956124,43.85855791607581,False
14,4,32,952,60.928000000000004,11.359374999999998,0.00036,0.00028,"[4.0, 8.0]",41.99739408459922,8.0,33.43178833265891,33.865092130506376,14.264045156818398,4.305847989133755,1.0,1.0,1.0,"[(8.0, 8.0)]",0.5,True,27.733348927780824,41.99739408459922,False
14,4,32,952,60.928000000000004,11.459375,0.00036,0.00028,"[4.0, 8.0]",39.785958125508735,8.0,34.497773186574506,35.28405933650932,14.3104882124019,3.806340524283483,1.0,1.0,1.0,"[(6.5, 6.5), (8.0, 8.0)]",1.0,True,25.475469913106835,39.785958125508735,False
14,3,31,982,60.884,11.880645161290323,0.00036,0.00028,"[4.0, 8.0]",43.42131892552543,8.0,36.12565631460459,36.647563843972016,14.821017853662394,4.463857573298365,1.0,1.0,1.0,"[(8.0, 8.0)]",0.5,True,28.60030107186304,43.42131892552543,False
17,4,38,801,60.876000000000005,9.692105263157895,0.00036,0.00028,"[4.0, 8.0]",43.77448007890716,7.0,36.65123212486565,36.49295920785831,14.847392429047098,4.767956722080376,1.0,1.0,1.0,"[(6.5, 7.0)]",1.0,True,28.927087649860063,43.77448007890716,False
15,3,33,923,60.918,11.16060606060606,0.00036,0.00028,"[4.0, 8.0]",44.0308902326432,7.5,37.942504884864924,38.343355727386715,14.856076545309527,3.887250250353598,1.0,1.0,1.0,"[(7.0, 7.5)]",1.0,True,29.174813687333675,44.0308902326432,False
13,3,29,1050,60.9,12.6,0.00036,0.00028,"[4.0, 8.0]",43.21503790974308,7.5,34.98896632969961,36.50773926444926,14.90579932861376,5.50057144445322,1.0,1.0,1.0,"[(7.5, 8.0)]",1.0,True,28.30923858112932,43.21503790974308,False
17,2,36,846,60.912,10.180555555555555,0.00036,0.00028,"[4.0, 8.0]",45.02357816501545,5.5,36.67370122296804,35.84286914674526,15.108118660758457,5.041636964277309,1.0,1.0,1.0,"[(5.5, 5.5)]",0.5,True,29.915459504256994,45.02357816501545,False
15,4,34,896,60.928000000000004,10.78235294117647,0.00036,0.00028,"[4.0, 8.0]",41.8174021041817,6.0,36.01208201815521,36.194833629027315,15.197882850630748,4.725871838577801,1.0,1.0,1.0,"[(6.0, 7.0)]",1.5,True,26.619519253550955,41.8174021041817,False
16,5,37,823,60.902,9.854054054054053,0.00036,0.00028,"[4.0, 8.0]",47.433159805962795,8.0,37.84619672019798,35.892662244965095,15.216151114609055,4.793666289565615,1.0,1.0,1.0,"[(8.0, 8.0)]",0.5,True,32.21700869135374,47.433159805962795,False
17,3,37,823,60.902,10.004054054054055,0.00036,0.00028,"[4.0, 8.0]",40.708168424935415,8.0,34.542896114925014,35.26887558477658,15.261155678216596,5.473973139746062,1.0,1.0,1.0,"[(5.5, 6.5), (8.0, 8.0)]",2.0,True,25.44701274671882,40.708168424935415,False
16,2,34,896,60.928000000000004,10.682352941176468,0.00036,0.00028,"[4.0, 8.0]",41.89353004967784,8.0,35.3695276991291,37.10502140824043,15.391356261455684,4.688292501395631,1.0,1.0,1.0,"[(5.5, 6.0), (8.0, 8.0)]",1.5,True,26.50217378822216,41.89353004967784,False
16,3,35,870,60.9,10.522857142857143,0.00036,0.00028,"[4.0, 8.0]",40.65728624232478,6.0,36.11234688406083,37.78132110015366,15.397360305911796,4.378329347525042,1.0,1.0,1.0,"[(4.5, 5.0), (6.0, 6.0), (7.0, 7.5)]",2.5,True,25.259925936412984,40.65728624232478,False
16,4,36,846,60.912,10.280555555555557,0.00036,0.00028,"[4.0, 8.0]",44.26560551497132,7.0,37.17993555208721,37.94095440509124,15.53618736496243,4.674237475346295,1.0,1.0,1.0,"[(7.0, 7.0)]",0.5,True,28.72941815000889,44.26560551497132,False
17,4,38,801,60.876000000000005,9.742105263157896,0.00036,0.00028,"[4.0, 8.0]",43.69022768597044,7.0,36.56074520427111,36.08286978360866,15.676418205450013,4.385077980336968,1.0,1.0,1.0,"[(6.5, 7.0)]",1.0,True,28.01380948052043,43.69022768597044,False
11,3,25,1218,60.9,14.631999999999998,0.00036,0.00028,"[4.0, 8.0]",34.304143070211765,4.0,24.932303001132343,24.821720686307525,16.362381128755622,4.644979070346666,1.0,1.0,0.7777777777777778,"[(4.0, 4.0)]",0.5,True,17.941761941456143,34.304143070211765,False
17,3,37,823,60.902,10.054054054054056,0.00036,0.00028,"[4.0, 8.0]",41.90231821980574,6.5,31.692339109857397,30.620988509470735,16.514851147282215,4.995000247866282,1.0,1.0,1.0,"[(6.5, 6.5)]",0.5,True,25.387467072523528,41.90231821980574,False
17,3,37,823,60.902,9.904054054054054,0.00036,0.00028,"[4.0, 8.0]",44.187996413047,6.0,36.370184612110734,36.600647329409895,16.613808572421082,6.059385066601188,1.0,1.0,1.0,"[(6.0, 6.0), (7.0, 7.0), (8.0, 8.0)]",1.5,True,27.57418784062592,44.187996413047,False
13,3,29,1050,60.9,12.65,0.00036,0.00028,"[4.0, 8.0]",40.87733159107893,8.0,34.04456118651742,33.14709599879445,16.642104906854144,5.447853571585465,1.0,1.0,1.0,"[(5.0, 5.0), (7.0, 8.0)]",2.0,True,24.235226684224784,40.87733159107893,False
10,4,24,1269,60.912,15.295833333333333,0.00036,0.00028,"[4.0, 8.0]",43.965101524444144,8.0,35.91861721405132,34.41844055383514,16.646009816284995,4.502504244488453,1.0,1.0,1.0,"[(8.0, 8.0)]",0.5,True,27.31909170815915,43.965101524444144,False
12,3,27,1128,60.912,13.690740740740742,0.00036,0.00028,"[4.0, 8.0]",37.12342366762218,7.5,32.36085088380719,33.929117144549565,16.698642585698394,4.688500438165551,1.0,1.0,1.0,"[(4.0, 4.0), (6.0, 6.0), (7.0, 7.5)]",2.0,True,20.424781081923783,37.12342366762218,False
10,4,24,1269,60.912,15.445833333333335,0.00036,0.00028,"[4.0, 8.0]",34.04836716273395,4.0,27.412572365312474,26.39247013715241,16.78373640425711,4.761182660872698,1.0,1.0,0.8888888888888888,"[(4.0, 4.0), (8.0, 8.0)]",1.0,True,17.264630758476844,34.04836716273395,False
17,5,39,781,60.918,9.443589743589744,0.00036,0.00028,"[4.0, 8.0]",44.01979600695543,8.0,37.70084794347622,38.675113014836015,17.05452474201001,4.917471019590264,1.0,1.0,1.0,"[(6.0, 6.0), (8.0, 8.0)]",1.0,True,26.96527126494542,44.01979600695543,False
15,5,35,870,60.9,10.372857142857141,0.00036,0.00028,"[4.0, 8.0]",42.079718042720806,8.0,36.728172478100475,38.352071719178056,17.232958582139467,5.297089587431289,1.0,1.0,1.0,"[(5.0, 5.5), (7.5, 8.0)]",2.0,True,24.84675946058134,42.079718042720806,False
13,3,29,1050,60.9,12.549999999999999,0.00036,0.00028,"[4.0, 8.0]",42.67801736473206,8.0,34.45116366224157,35.83341176507696,17.25345167789926,5.078467225712837,1.0,1.0,1.0,"[(8.0, 8.0)]",0.5,True,25.424565686832796,42.67801736473206,False
11,2,24,1269,60.912,15.445833333333335,0.00036,0.00028,"[4.0, 8.0]",49.97472008498181,5.5,41.19588929451888,41.8527929142321,17.506566908689315,4.859412638714769,1.0,1.0,1.0,"[(5.5, 5.5)]",0.5,True,32.468153176292496,49.97472008498181,False
12,5,29,1050,60.9,12.800000000000002,0.00036,0.00028,"[4.0, 8.0]",36.97352952098774,7.0,28.719284187379856,29.50113718754205,17.711420977526593,6.03318741129255,1.0,1.0,0.7777777777777778,"[(7.0, 7.0), (8.0, 8.0)]",1.0,True,19.262108543461146,36.97352952098774,False
16,4,36,846,60.912,10.330555555555557,0.00036,0.00028,"[4.0, 8.0]",44.629125129169374,8.0,38.07085328375458,38.17093557265102,17.76711490937776,5.640504216725614,1.0,1.0,1.0,"[(6.0, 6.5), (7.5, 8.0)]",2.0,True,26.862010219791614,44.629125129169374,False
13,4,30,1015,60.9,12.126666666666665,0.00036,0.00028,"[4.0, 8.0]",36.066904238365645,7.5,28.70566013295683,32.52049287911681,17.861174166811026,7.1205144439176005,1.0,1.0,0.6666666666666666,"[(4.0, 4.5), (6.5, 6.5), (7.5, 7.5)]",2.0,True,18.20573007155462,36.066904238365645,False
12,5,29,1050,60.9,12.750000000000002,0.00036,0.00028,"[4.0, 8.0]",37.882603867542684,7.0,31.540290524910738,32.10033653367281,17.988357966159658,5.090202085894323,1.0,1.0,0.8888888888888888,"[(4.0, 4.0), (7.0, 7.0), (8.0, 8.0)]",1.5,True,19.894245901383027,37.882603867542684,False
17,4,38,801,60.876000000000005,9.592105263157894,0.00036,0.00028,"[4.0, 8.0]",44.41422513106659,7.0,38.35508256684955,39.05218337447739,18.078083455905798,5.234721157348551,1.0,1.0,1.0,"[(5.0, 5.5), (6.5, 7.0)]",2.0,True,26.33614167516079,44.41422513106659,False
12,5,29,1050,60.9,12.850000000000003,0.00036,0.00028,"[4.0, 8.0]",38.03141786541901,7.0,28.40608290249244,29.475346978696905,18.10339574303455,6.32335215687454,1.0,1.0,0.8888888888888888,"[(7.0, 7.0)]",0.5,True,19.92802212238446,38.03141786541901,False
10,4,24,1269,60.912,15.245833333333332,0.00036,0.00028,"[4.0, 8.0]",44.137113557811915,4.5,35.99909444734075,36.71184278146667,18.167695040849903,5.477757577812765,1.0,1.0,1.0,"[(4.0, 4.5)]",1.0,True,25.969418516962012,44.137113557811915,False
16,3,35,870,60.9,10.422857142857142,0.00036,0.00028,"[4.0, 8.0]",42.37583050282101,8.0,36.112731722365616,36.395433032751576,18.1829428191034,5.031947705713103,1.0,1.0,1.0,"[(7.0, 7.0), (8.0, 8.0)]",1.0,True,24.19288768371761,42.37583050282101,False
12,3,27,1128,60.912,13.59074074074074,0.00036,0.00028,"[4.0, 8.0]",39.01397106250039,8.0,34.37119871481632,36.22236090848962,18.537166211426747,5.415558133212608,1.0,1.0,1.0,"[(4.5, 4.5), (5.5, 5.5), (7.0, 8.0)]",2.5,True,20.47680485107364,39.01397106250039,False
15,4,34,896,60.928000000000004,10.932352941176472,0.00036,0.00028,"[4.0, 8.0]",41.248584993434946,8.0,34.060208335444514,36.6629628685377,18.595373218619997,6.506101380802137,1.0,1.0,1.0,"[(7.5, 8.0)]",1.0,True,22.65321177481495,41.248584993434946,False
14,4,32,952,60.928000000000004,11.559375000000001,0.00036,0.00028,"[4.0, 8.0]",42.83588383944598,8.0,31.340461336033748,28.410127594039245,18.60289119812699,6.175480133895934,1.0,1.0,1.0,"[(8.0, 8.0)]",0.5,True,24.232992641318987,42.83588383944598,False
16,3,35,870,60.9,10.472857142857142,0.00036,0.00028,"[4.0, 8.0]",44.82914493314432,7.5,34.481591777369225,33.46648916563631,18.61570877305304,6.635160641953884,1.0,1.0,1.0,"[(7.0, 7.5)]",1.0,True,26.21343616009128,44.82914493314432,False
17,2,36,846,60.912,10.080555555555554,0.00036,0.00028,"[4.0, 8.0]",41.655213452087274,6.5,34.13869632244504,33.354437058567406,18.68525172507927,5.497608570223018,1.0,1.0,1.0,"[(5.5, 5.5), (6.5, 6.5)]",1.0,True,22.969961727008005,41.655213452087274,False
11,2,24,1269,60.912,15.495833333333335,0.00036,0.00028,"[4.0, 8.0]",46.96851451513172,8.0,37.91337964804878,38.4228686155243,19.447647480527415,5.53439897257826,1.0,1.0,1.0,"[(6.0, 6.0), (8.0, 8.0)]",1.0,True,27.520867034604308,46.96851451513172,False
17,2,36,846,60.912,10.230555555555556,0.00036,0.00028,"[4.0, 8.0]",42.39033648613134,5.5,33.95829524289739,35.5803166564762,19.493286176416703,6.4716336533456165,1.0,1.0,1.0,"[(5.5, 6.0)]",1.0,True,22.897050309714636,42.39033648613134,False
11,2,24,1269,60.912,15.295833333333333,0.00036,0.00028,"[4.0, 8.0]",46.65011529260748,7.0,35.69803027939028,37.27864020773169,19.75638744706971,5.74070365936957,1.0,1.0,1.0,"[(7.0, 7.0)]",0.5,True,26.89372784553777,46.65011529260748,False
15,3,33,923,60.918,11.11060606060606,0.00036,0.00028,"[4.0, 8.0]",46.03802963473654,7.5,36.910831105471566,38.3471142862277,19.8129741732826,5.275660088190494,1.0,1.0,1.0,"[(7.5, 7.5)]",0.5,True,26.225055461453938,46.03802963473654,False
17,2,36,846,60.912,10.130555555555555,0.00036,0.00028,"[4.0, 8.0]",43.46807388949425,7.5,36.68812683183356,38.30877344882063,20.08182242297451,5.757889373334086,1.0,1.0,1.0,"[(5.5, 6.0), (7.5, 7.5)]",1.5,True,23.386251466519738,43.46807388949425,False
16,5,37,823,60.902,9.804054054054053,0.00036,0.00028,"[4.0, 8.0]",43.079924609642894,6.5,35.62915104265874,36.39948753413242,20.476064162751996,5.856274506181138,1.0,1.0,1.0,"[(6.5, 6.5), (8.0, 8.0)]",1.0,True,22.6038604468909,43.079924609642894,False
15,3,33,923,60.918,11.210606060606061,0.00036,0.00028,"[4.0, 8.0]",42.17217247133639,6.5,36.64515352660965,37.25279316687753,20.914381984102125,5.983566730545458,1.0,1.0,1.0,"[(6.0, 7.0)]",1.5,True,21.257790487234264,42.17217247133639,False
15,4,34,896,60.928000000000004,10.982352941176472,0.00036,0.00028,"[4.0, 8.0]",41.186194252374825,7.0,26.555832097456083,23.27577657495692,21.376706723605153,6.695516893095602,1.0,1.0,0.8888888888888888,"[(7.0, 7.0)]",0.5,True,19.809487528769672,41.186194252374825,False
17,4,38,801,60.876000000000005,9.842105263157897,0.00036,0.00028,"[4.0, 8.0]",42.09035534371285,6.0,36.269225094262744,38.98398277208241,21.594934033138024,6.720344771127782,1.0,1.0,1.0,"[(5.5, 6.0), (7.5, 7.5)]",1.5,True,20.495421310574827,42.09035534371285,False
10,4,24,1269,60.912,15.195833333333331,0.00036,0.00028,"[4.0, 8.0]",40.47341546356023,4.0,30.87623408325989,31.337121030875128,21.598495606153186,5.997911061759384,1.0,1.0,0.8888888888888888,"[(4.0, 4.0)]",0.5,True,18.874919857407043,40.47341546356023,False
11,2,24,1269,60.912,15.195833333333331,0.00036,0.00028,"[4.0, 8.0]",41.060395840289196,6.0,31.565857218927956,29.568268488068465,21.645388133232046,6.493651050944897,1.0,1.0,0.8888888888888888,"[(6.0, 6.0), (7.0, 7.0)]",1.0,True,19.41500770705715,41.060395840289196,False
12,5,29,1050,60.9,12.700000000000001,0.00036,0.00028,"[4.0, 8.0]",40.48901546028148,7.0,31.647410028188478,34.74000174974025,22.115470704931276,7.13365349387794,1.0,1.0,0.8888888888888888,"[(7.0, 7.0), (8.0, 8.0)]",1.0,True,18.373544755350203,40.48901546028148,False
16,5,37,823,60.902,10.004054054054055,0.00036,0.00028,"[4.0, 8.0]",45.663519559798445,8.0,35.52331872696431,37.95571621321925,22.161250278637507,7.165669471678399,1.0,1.0,1.0,"[(8.0, 8.0)]",0.5,True,23.502269281160938,45.663519559798445,False
14,3,31,982,60.884,11.980645161290324,0.00036,0.00028,"[4.0, 8.0]",43.77673889717356,7.0,32.4116949447776,34.47315423060931,22.24814246527318,6.797088792075669,1.0,1.0,1.0,"[(7.0, 7.0)]",0.5,True,21.52859643190038,43.77673889717356,False
17,3,37,823,60.902,10.104054054054057,0.00036,0.00028,"[4.0, 8.0]",42.108208680852364,6.5,33.84392658121928,35.41810312390575,22.63330657683849,6.8078446285665,1.0,1.0,0.8888888888888888,"[(4.0, 4.0), (6.5, 6.5)]",1.0,True,19.474902104013875,42.108208680852364,False
12,3,27,1128,60.912,13.490740740740739,0.00036,0.00028,"[4.0, 8.0]",43.7570971770272,8.0,33.66713948739959,36.42863619655021,22.64645307638555,6.341863116325472,1.0,1.0,1.0,"[(8.0, 8.0)]",0.5,True,21.110644100641647,43.7570971770272,False
17,5,39,781,60.918,9.493589743589745,0.00036,0.00028,"[4.0, 8.0]",45.53122418186142,8.0,35.9004084157411,35.05657196442806,22.977489016271825,7.357989194334183,1.0,1.0,1.0,"[(6.0, 6.0), (7.0, 7.0), (8.0, 8.0)]",1.5,True,22.553735165589593,45.53122418186142,False
13,3,29,1050,60.9,12.800000000000002,0.00036,0.00028,"[4.0, 8.0]",45.71701823981965,8.0,35.082387338554874,34.765105187391896,23.74173949670631,6.63352544740006,1.0,1.0,1.0,"[(8.0, 8.0)]",0.5,True,21.975278743113343,45.71701823981965,False
17,4,38,801,60.876000000000005,9.792105263157897,0.00036,0.00028,"[4.0, 8.0]",45.844052353059574,7.0,36.93151725818137,40.11051186130931,27.353409018758306,7.839602587433444,1.0,1.0,0.8888888888888888,"[(7.0, 7.0)]",0.5,True,18.490643334301268,45.844052353059574,False
11,2,24,1269,60.912,15.395833333333334,0.00036,0.00028,"[4.0, 8.0]",148.9131282140599,8.0,48.34851926028647,36.05098485085229,120.25479132558499,35.95131022272649,1.0,1.0,1.0,"[(8.0, 8.0)]",0.5,True,28.65833688847491,148.9131282140599,False
15,3,33,923,60.918,11.060606060606059,0.00036,0.00028,"[4.0, 8.0]",39.98527802008007,6.5,31.897075886270287,34.4313363031268,24.22030639783592,7.200709536851205,1.0,0.8888888888888888,0.8888888888888888,"[(6.5, 6.5), (8.0, 8.0)]",1.0,True,15.764971622244147,39.98527802008007,False
16,4,36,846,60.912,10.130555555555555,0.00036,0.00028,"[4.0, 8.0]",44.75465110211995,7.0,34.18408243118925,34.44058394099848,29.063862184013598,8.088455239530129,1.0,0.8888888888888888,0.8888888888888888,"[(6.5, 7.0)]",1.0,True,15.690788918106353,44.75465110211995,False
16,2,34,896,60.928000000000004,10.78235294117647,0.00036,0.00028,"[4.0, 8.0]",34.16065948393059,6.5,26.418485165543224,27.61152700205731,19.455011415135736,6.581111781247674,0.8888888888888888,0.8888888888888888,0.7777777777777778,"[(6.0, 7.0)]",1.5,True,14.705648068794853,34.16065948393059,False
12,2,26,1171,60.892,14.315384615384618,0.00036,0.00028,"[4.0, 8.0]",44.198030081760116,8.0,31.51774357795748,34.08913952675296,30.4904774289445,7.835469754223371,0.8888888888888888,0.8888888888888888,0.8888888888888888,"[(8.0, 8.0)]",0.5,True,13.707552652815615,44.198030081760116,False
11,5,27,1128,60.912,13.740740740740742,0.00036,0.00028,"[4.0, 8.0]",32.25722292448876,7.5,26.054946725971117,27.561789396715646,18.946960509731422,5.735618570013605,0.8888888888888888,0.8888888888888888,0.7777777777777778,"[(5.5, 5.5), (7.5, 8.0)]",1.5,True,13.310262414757336,32.25722292448876,False
12,3,27,1128,60.912,13.790740740740743,0.00036,0.00028,"[4.0, 8.0]",33.19167657502482,5.5,26.428616064252164,26.74851578882574,21.926840206025258,6.847763351447376,0.8888888888888888,0.8888888888888888,0.7777777777777778,"[(4.5, 4.5), (5.5, 5.5), (8.0, 8.0)]",1.5,True,11.264836368999564,33.19167657502482,False
17,3,37,823,60.902,9.854054054054053,0.00036,0.00028,"[4.0, 8.0]",47.63772254321125,8.0,33.6668078158828,37.009846653728665,38.46055560302672,10.784433569067534,0.8888888888888888,0.8888888888888888,0.8888888888888888,"[(8.0, 8.0)]",0.5,True,9.177166940184524,47.63772254321125,False
13,4,30,1015,60.9,12.176666666666666,0.00036,0.00028,"[4.0, 8.0]",39.779660779837236,6.5,27.725223506923143,29.00724433533835,34.03919755157826,10.47590374022346,0.8888888888888888,0.8888888888888888,0.7777777777777778,"[(6.5, 6.5), (7.5, 7.5)]",1.0,True,5.740463228258973,39.779660779837236,False
16,4,36,846,60.912,10.180555555555555,0.00036,0.00028,"[4.0, 8.0]",44.4978897291449,8.0,32.64973075926626,36.42198119391261,39.928880570940976,10.943541214273276,0.8888888888888888,0.8888888888888888,0.8888888888888888,"[(8.0, 8.0)]",0.5,True,4.569009158203924,44.4978897291449,False
16,3,35,870,60.9,10.372857142857141,0.00036,0.00028,"[4.0, 8.0]",36.6537070968129,6.5,27.451062026356635,33.63941069906396,32.3527986964036,10.236603279767257,0.8888888888888888,0.8888888888888888,0.7777777777777778,"[(4.0, 4.0), (6.5, 6.5), (7.5, 8.0)]",2.0,True,4.3009084004093,36.6537070968129,False
15,3,33,923,60.918,11.010606060606058,0.00036,0.00028,"[4.0, 8.0]",43.65059274453857,7.0,33.51964879292067,35.94334981322907,40.06255045725886,11.38059356087667,0.8888888888888888,0.8888888888888888,0.8888888888888888,"[(6.5, 7.0)]",1.0,True,3.5880422872797095,43.65059274453857,False
12,2,26,1171,60.892,14.215384615384616,0.00036,0.00028,"[4.0, 8.0]",38.06578873347163,6.0,30.456747228799664,33.85057057813873,35.75385681238105,10.59054086527183,0.8888888888888888,0.8888888888888888,0.8888888888888888,"[(5.0, 5.0), (6.0, 6.5), (8.0, 8.0)]",2.0,True,2.3119319210905735,38.06578873347163,False
12,5,29,1050,60.9,12.65,0.00036,0.00028,"[4.0, 8.0]",38.504192608175806,6.0,26.79887664434348,28.33180273412779,38.81483903065913,10.901208332037402,0.8888888888888888,0.8888888888888888,0.8888888888888888,"[(6.0, 6.0), (7.5, 7.5)]",1.0,True,-0.31064642248332097,38.504192608175806,False
12,2,26,1171,60.892,14.265384615384617,0.00036,0.00028,"[4.0, 8.0]",37.563667150129774,5.5,26.84707314393491,32.2789881857414,41.0728568460289,12.40664635588034,0.8888888888888888,0.8888888888888888,0.7777777777777778,"[(4.0, 4.0), (5.5, 5.5), (7.5, 7.5)]",1.5,True,-3.5091896958991207,37.563667150129774,False
11,5,27,1128,60.912,13.490740740740739,0.00036,0.00028,"[4.0, 8.0]",33.6789661770255,6.0,27.29852317183355,29.099629195790335,18.451876817826623,6.84916754477894,1.0,0.7777777777777778,0.7777777777777778,"[(4.5, 6.0)]",2.0,True,15.227089359198878,33.6789661770255,False
11,5,27,1128,60.912,13.54074074074074,0.00036,0.00028,"[4.0, 8.0]",32.96033306504471,4.0,25.214017711464322,27.627451051518555,18.179301689255794,6.775949033317441,0.7777777777777778,0.7777777777777778,0.6666666666666666,"[(4.0, 4.0), (6.0, 6.0), (7.5, 8.0)]",2.0,True,14.781031375788912,32.96033306504471,False
15,2,32,952,60.928000000000004,11.359374999999998,0.00036,0.00028,"[4.0, 8.0]",34.64714927416973,6.5,24.93329876230622,25.600027455186552,22.828034343165445,7.832385999348628,0.7777777777777778,0.7777777777777778,0.6666666666666666,"[(6.5, 7.0)]",1.0,True,11.819114931004282,34.64714927416973,False
16,2,34,896,60.928000000000004,10.83235294117647,0.00036,0.00028,"[4.0, 8.0]",27.31494187208356,6.0,21.780810662365784,24.07137064035673,15.772857850021733,4.813999031818115,0.8888888888888888,0.7777777777777778,0.6666666666666666,"[(5.5, 6.5)]",1.5,True,11.542084022061825,27.31494187208356,False
15,2,32,952,60.928000000000004,11.409374999999999,0.00036,0.00028,"[4.0, 8.0]",26.869281947767234,6.5,21.64587611827008,23.05326231770554,16.068403859946386,5.236670908405089,0.8888888888888888,0.7777777777777778,0.7777777777777778,"[(5.5, 7.0)]",2.0,True,10.800878087820848,26.869281947767234,False
10,4,24,1269,60.912,15.495833333333335,0.00036,0.00028,"[4.0, 8.0]",40.61951512765453,7.5,29.912078941665683,37.084891577149506,29.956221136935696,10.754247450300923,0.7777777777777778,0.7777777777777778,0.7777777777777778,"[(5.0, 5.0), (6.0, 6.0), (7.5, 7.5)]",1.5,True,10.663293990718834,40.61951512765453,False
13,5,31,982,60.884,12.030645161290325,0.00036,0.00028,"[4.0, 8.0]",38.97030856218539,7.0,27.8716672034646,30.32583119108816,29.709173564063363,9.0495237734977,0.7777777777777778,0.7777777777777778,0.7777777777777778,"[(7.0, 7.0)]",0.5,True,9.261134998122024,38.97030856218539,False
10,5,25,1218,60.9,14.631999999999998,0.00036,0.00028,"[4.0, 8.0]",32.700651518861356,6.5,21.077842198757953,21.37102460473202,23.533976227017565,7.31844891131851,0.7777777777777778,0.7777777777777778,0.6666666666666666,"[(6.5, 6.5)]",0.5,True,9.166675291843791,32.700651518861356,False
17,3,37,823,60.902,9.804054054054053,0.00036,0.00028,"[4.0, 8.0]",47.33336399453538,8.0,29.82978460882404,36.01712997724498,43.41542580959399,13.12642520082044,0.7777777777777778,0.7777777777777778,0.7777777777777778,"[(8.0, 8.0)]",0.5,True,3.9179381849413897,47.33336399453538,False
10,2,22,1384,60.896,16.59090909090909,0.00036,0.00028,"[4.0, 8.0]",40.13418284788426,6.5,28.85292828601991,35.91830424637504,38.796063111351984,13.572777354472104,0.7777777777777778,0.7777777777777778,0.7777777777777778,"[(4.5, 4.5), (6.0, 6.5), (8.0, 8.0)]",2.0,True,1.3381197365322774,40.13418284788426,False
10,2,22,1384,60.896,16.64090909090909,0.00036,0.00028,"[4.0, 8.0]",47.5181609820877,7.5,30.731987999895555,36.596469493758256,46.98737005388456,16.518135573658647,0.7777777777777778,0.7777777777777778,0.7777777777777778,"[(7.5, 7.5)]",0.5,True,0.5307909282031413,47.5181609820877,False
12,2,26,1171,60.892,14.165384615384616,0.00036,0.00028,"[4.0, 8.0]",40.65980514963991,8.0,24.78238233803959,32.36068983285058,42.381380612832274,15.06370336682571,0.7777777777777778,0.7777777777777778,0.6666666666666666,"[(5.5, 5.5), (8.0, 8.0)]",1.0,True,-1.7215754631923628,40.65980514963991,False
10,2,22,1384,60.896,16.740909090909092,0.00036,0.00028,"[4.0, 8.0]",41.81042221305524,7.0,25.661789776533567,34.72071191124806,46.78341384274288,16.267719416233223,0.7777777777777778,0.7777777777777778,0.6666666666666666,"[(6.0, 6.0), (7.0, 7.5)]",1.5,True,-4.972991629687644,41.81042221305524,False
10,2,22,1384,60.896,16.69090909090909,0.00036,0.00028,"[4.0, 8.0]",42.641800664120304,7.5,26.609090711892332,32.64709928377597,48.47377180817158,15.855730205332673,0.7777777777777778,0.7777777777777778,0.7777777777777778,"[(7.5, 7.5)]",0.5,True,-5.831971144051272,42.641800664120304,False
11,5,27,1128,60.912,13.59074074074074,0.00036,0.00028,"[4.0, 8.0]",37.36546948286692,7.5,25.067580364595877,24.712778066503628,29.132209372920876,9.228291848986927,0.8888888888888888,0.6666666666666666,0.6666666666666666,"[(6.0, 6.0), (7.5, 7.5)]",1.0,True,8.233260109946045,37.36546948286692,False
12,5,29,1050,60.9,12.6,0.00036,0.00028,"[4.0, 8.0]",33.81978089845474,7.0,22.65169664373722,30.596473634120088,33.075395837513085,11.918171660459517,0.6666666666666666,0.6666666666666666,0.6666666666666666,"[(6.5, 7.5)]",1.5,True,0.744385060941652,33.81978089845474,False
11,4,26,1171,60.892,14.215384615384616,0.00036,0.00028,"[4.0, 8.0]",35.9181819416248,8.0,18.971992885372067,21.670073214528625,35.42460490328399,13.944535623880103,0.6666666666666666,0.6666666666666666,0.5555555555555556,"[(5.5, 5.5), (6.5, 6.5), (8.0, 8.0)]",1.5,True,0.4935770383408075,35.9181819416248,False
11,4,26,1171,60.892,14.315384615384618,0.00036,0.00028,"[4.0, 8.0]",36.12488159113519,7.5,22.423279529326255,25.64911151927792,36.246227145474016,12.737187025974503,0.6666666666666666,0.6666666666666666,0.6666666666666666,"[(7.5, 8.0)]",1.0,True,-0.12134555433882102,36.12488159113519,False
10,2,22,1384,60.896,16.840909090909093,0.00036,0.00028,"[4.0, 8.0]",42.269034911334955,8.0,22.989646207432397,30.43146693604196,42.88186423836816,15.187720453889133,0.6666666666666666,0.6666666666666666,0.6666666666666666,"[(8.0, 8.0)]",0.5,True,-0.6128293270332038,42.269034911334955,False
10,2,22,1384,60.896,16.890909090909094,0.00036,0.00028,"[4.0, 8.0]",43.29427642670227,8.0,23.51489437865302,29.885543469288095,44.02132784773617,16.294775132732553,0.6666666666666666,0.6666666666666666,0.6666666666666666,"[(8.0, 8.0)]",0.5,True,-0.7270514210339014,43.29427642670227,False
11,4,26,1171,60.892,14.265384615384617,0.00036,0.00028,"[4.0, 8.0]",37.27272938323383,8.0,21.062561172859166,24.752905346048447,38.13931895789195,13.043618522245602,0.6666666666666666,0.6666666666666666,0.6666666666666666,"[(6.5, 6.5), (8.0, 8.0)]",1.0,True,-0.8665895746581234,37.27272938323383,False
12,2,26,1171,60.892,14.065384615384614,0.00036,0.00028,"[4.0, 8.0]",42.087923106338955,8.0,23.37622367601124,34.62291058736416,45.62085166138879,18.14717716509521,0.6666666666666666,0.6666666666666666,0.6666666666666666,"[(8.0, 8.0)]",0.5,True,-3.5329285550498364,42.087923106338955,False
10,2,22,1384,60.896,16.790909090909093,0.00036,0.00028,"[4.0, 8.0]",37.44216425524389,4.5,22.95354190947772,30.503798270097793,41.824955112813576,15.807372086709758,0.6666666666666666,0.6666666666666666,0.6666666666666666,"[(4.5, 4.5), (6.0, 6.0), (7.5, 7.5)]",1.5,True,-4.382790857569689,37.44216425524389,False
12,2,26,1171,60.892,14.115384615384615,0.00036,0.00028,"[4.0, 8.0]",42.21955841512976,8.0,24.306332748328643,35.057713197622505,47.79009563407517,17.933020274298194,0.6666666666666666,0.6666666666666666,0.6666666666666666,"[(8.0, 8.0)]",0.5,True,-5.570537218945407,42.21955841512976,False
14,5,33,923,60.918,11.16060606060606,0.00036,0.00028,"[4.0, 8.0]",35.558937751985475,5.0,19.38232097543306,17.875931529343156,26.577708260945794,7.086998787937385,0.7777777777777778,0.5555555555555556,0.3333333333333333,"[(5.0, 5.0)]",0.5,True,8.98122949103968,35.558937751985475,False
14,5,33,923,60.918,11.060606060606059,0.00036,0.00028,"[4.0, 8.0]",36.38879898946123,8.0,20.075585606735693,18.169297656821932,30.294101862106743,9.130839653794903,0.5555555555555556,0.5555555555555556,0.4444444444444444,"[(8.0, 8.0)]",0.5,True,6.094697127354484,36.38879898946123,False
14,5,33,923,60.918,11.010606060606058,0.00036,0.00028,"[4.0, 8.0]",36.08183237061177,7.5,20.94346296699331,18.016975263543905,30.824250032765377,11.085834416219146,0.7777777777777778,0.5555555555555556,0.4444444444444444,"[(7.5, 8.0)]",1.0,True,5.257582337846393,36.08183237061177,False
11,3,25,1218,60.9,14.681999999999999,0.00036,0.00028,"[4.0, 8.0]",27.16638167889475,4.5,18.144758262056623,20.629324206060993,22.266190391709856,6.5517445633594935,0.6666666666666666,0.5555555555555556,0.5555555555555556,"[(4.5, 4.5)]",0.5,True,4.900191287184898,27.16638167889475,False
11,4,26,1171,60.892,14.165384615384616,0.00036,0.00028,"[4.0, 8.0]",37.391240052885514,8.0,16.353360066388685,22.629742465995143,38.46900591052408,14.478161216738842,0.5555555555555556,0.5555555555555556,0.5555555555555556,"[(8.0, 8.0)]",0.5,True,-1.0777658576385685,37.391240052885514,False
12,2,26,1171,60.892,14.015384615384614,0.00036,0.00028,"[4.0, 8.0]",37.11281983442223,8.0,17.72888166152657,24.851217742760916,39.59868820941525,15.355038968133071,0.5555555555555556,0.5555555555555556,0.5555555555555556,"[(8.0, 8.0)]",0.5,True,-2.485868374993016,37.11281983442223,False
13,5,31,982,60.884,11.980645161290324,0.00036,0.00028,"[4.0, 8.0]",33.71267434281736,6.0,17.447117981777453,20.366116466821637,37.040684554079554,12.469780301684239,0.5555555555555556,0.5555555555555556,0.5555555555555556,"[(6.0, 6.0)]",0.5,True,-3.3280102112621943,33.71267434281736,False
17,5,39,781,60.918,9.593589743589746,0.00036,0.00028,"[4.0, 8.0]",39.63891438169644,7.0,19.41602096705319,17.557367890136785,45.070926660972205,16.8528780977949,0.5555555555555556,0.5555555555555556,0.4444444444444444,"[(7.0, 7.5)]",1.0,True,-5.43201227927577,39.63891438169644,False
11,5,27,1128,60.912,13.790740740740743,0.00036,0.00028,"[4.0, 8.0]",30.773658111100556,7.5,15.270677627245115,6.6494822927429045,28.003971466106083,11.51977462129692,0.4444444444444444,0.4444444444444444,0.4444444444444444,"[(4.5, 4.5), (7.5, 7.5)]",1.0,True,2.769686644994472,30.773658111100556,False
10,5,25,1218,60.9,14.681999999999999,0.00036,0.00028,"[4.0, 8.0]",30.092073796235297,5.0,13.489085808183754,7.502411461353277,28.46869623988375,10.074348247150931,0.4444444444444444,0.4444444444444444,0.4444444444444444,"[(5.0, 5.0)]",0.5,True,1.6233775563515471,30.092073796235297,False
12,5,29,1050,60.9,12.549999999999999,0.00036,0.00028,"[4.0, 8.0]",36.256795657360485,5.5,16.66620930564459,7.806216969435628,35.98397108291893,14.988691572497327,0.4444444444444444,0.4444444444444444,0.4444444444444444,"[(5.5, 5.5), (7.0, 7.0)]",1.0,True,0.2728245744415546,36.256795657360485,False
14,4,32,952,60.928000000000004,11.609375000000002,0.00036,0.00028,"[4.0, 8.0]",33.002053042260286,4.5,16.33385686247557,15.894435701610881,33.36006799997744,11.298532567998423,0.5555555555555556,0.4444444444444444,0.4444444444444444,"[(4.0, 4.5)]",1.0,True,-0.3580149577171511,33.002053042260286,False
15,5,35,870,60.9,10.472857142857142,0.00036,0.00028,"[4.0, 8.0]",41.07334010106592,7.5,17.198357762441432,11.507846374593376,43.39663178388218,15.485836786722672,0.4444444444444444,0.4444444444444444,0.4444444444444444,"[(7.5, 7.5)]",0.5,True,-2.323291682816264,41.07334010106592,False
13,2,28,1088,60.928000000000004,13.30357142857143,0.00036,0.00028,"[4.0, 8.0]",30.872795658373086,5.0,11.008703777163694,2.8825711485229837,35.11018085072607,14.037714074728838,0.4444444444444444,0.4444444444444444,0.4444444444444444,"[(5.0, 5.0)]",0.5,True,-4.237385192352983,30.872795658373086,False
15,5,35,870,60.9,10.522857142857143,0.00036,0.00028,"[4.0, 8.0]",31.723465462040764,7.5,10.999981673173718,4.651615687549706,37.399891951513894,13.702883504194569,0.4444444444444444,0.4444444444444444,0.3333333333333333,"[(7.5, 8.0)]",1.0,True,-5.676426489473131,31.723465462040764,False
16,5,37,823,60.902,10.054054054054056,0.00036,0.00028,"[4.0, 8.0]",40.513049994327545,7.5,16.87091945972033,10.90430852914003,39.26299161473716,14.35473316241819,0.4444444444444444,0.3333333333333333,0.3333333333333333,"[(7.5, 7.5)]",0.5,True,1.250058379590384,40.513049994327545,False
11,4,26,1171,60.892,14.115384615384615,0.00036,0.00028,"[4.0, 8.0]",34.67616438485871,7.5,13.00535830074802,6.729199756812459,35.138272692889345,14.428685026713952,0.3333333333333333,0.3333333333333333,0.3333333333333333,"[(6.5, 7.5)]",1.5,True,-0.46210830803063974,34.67616438485871,False
13,4,30,1015,60.9,12.226666666666667,0.00036,0.00028,"[4.0, 8.0]",35.20497059637614,4.5,13.648340008930871,7.35354566453458,38.14580842622785,14.660326672397291,0.3333333333333333,0.3333333333333333,0.3333333333333333,"[(4.0, 4.5)]",1.0,True,-2.9408378298517084,35.20497059637614,False
14,2,30,1015,60.9,12.42666666666667,0.00036,0.00028,"[4.0, 8.0]",38.24810976231086,8.0,10.242476551282014,0.8119463185649173,41.41108927121251,15.321886721426113,0.3333333333333333,0.3333333333333333,0.2222222222222222,"[(8.0, 8.0)]",0.5,True,-3.1629795089016484,38.24810976231086,False
10,5,25,1218,60.9,14.832,0.00036,0.00028,"[4.0, 8.0]",27.37422918195094,4.0,6.912991689803248,2.5545616612729374,27.259644459590444,8.836324675561594,0.2222222222222222,0.2222222222222222,0.1111111111111111,"[(4.0, 4.0)]",0.5,True,0.11458472236049817,27.37422918195094,False
10,5,25,1218,60.9,14.732,0.00036,0.00028,"[4.0, 8.0]",26.67717993387317,4.5,9.685337051819928,4.6790112130368176,26.870498587837833,8.96997599025516,0.3333333333333333,0.2222222222222222,0.2222222222222222,"[(4.5, 4.5)]",0.5,True,-0.19331865396466474,26.67717993387317,False
10,5,25,1218,60.9,14.782,0.00036,0.00028,"[4.0, 8.0]",27.671578385294907,4.5,7.0979087961593414,2.7312972771044675,28.77593851889024,10.57590640634253,0.2222222222222222,0.2222222222222222,0.2222222222222222,"[(4.0, 4.5)]",1.0,True,-1.1043601335953315,27.671578385294907,False
15,5,35,870,60.9,10.622857142857145,0.00036,0.00028,"[4.0, 8.0]",24.447339544720027,8.0,6.874853121401923,3.338848269424024,27.64306364161132,9.354001647446323,0.2222222222222222,0.2222222222222222,0.2222222222222222,"[(5.0, 5.0), (8.0, 8.0)]",1.0,True,-3.195724096891292,24.447339544720027,False
13,2,28,1088,60.928000000000004,13.25357142857143,0.00036,0.00028,"[4.0, 8.0]",35.08351663434728,4.5,6.920117287766201,-2.518030868512529,39.216881314384665,13.940202432579875,0.2222222222222222,0.2222222222222222,0.2222222222222222,"[(4.5, 4.5)]",0.5,True,-4.13336468003738,35.08351663434728,False
13,2,28,1088,60.928000000000004,13.20357142857143,0.00036,0.00028,"[4.0, 8.0]",36.7136099099067,4.5,4.931223039434668,-1.0878283188913613,42.409785518785306,13.993320953026702,0.2222222222222222,0.2222222222222222,0.2222222222222222,"[(4.5, 4.5)]",0.5,True,-5.696175608878605,36.7136099099067,False
15,5,35,870,60.9,10.572857142857144,0.00036,0.00028,"[4.0, 8.0]",28.800884172261426,8.0,4.179705157903352,0.24385785654681974,31.990700854328658,9.96913319580931,0.1111111111111111,0.1111111111111111,0.1111111111111111,"[(8.0, 8.0)]",0.5,True,-3.189816682067233,28.800884172261426,False
10,5,25,1218,60.9,14.882000000000001,0.00036,0.00028,"[4.0, 8.0]",23.801272885017816,4.0,3.3577394958607973,2.344150692377696,27.85082926336527,7.5300529080141345,0.1111111111111111,0.1111111111111111,0.1111111111111111,"[(4.0, 4.0)]",0.5,True,-4.049556378347454,23.801272885017816,False
11,3,25,1218,60.9,14.732,0.00036,0.00028,"[4.0, 8.0]",20.620467897834132,4.0,7.022291727918994,8.137760948615608,25.112077955488868,7.368832184586307,0.1111111111111111,0.1111111111111111,0.1111111111111111,"[(4.0, 4.0)]",0.5,True,-4.491610057654735,20.620467897834132,False
13,2,28,1088,60.928000000000004,13.053571428571427,0.00036,0.00028,"[4.0, 8.0]",18.059360265048692,4.0,0.8036386605409801,-0.20165318050374975,23.027155846107433,6.561477062846575,0.1111111111111111,0.1111111111111111,0.0,"[(4.0, 4.0)]",0.5,True,-4.967795581058743,18.059360265048692,False
15,5,35,870,60.9,10.672857142857145,0.00036,0.00028,"[4.0, 8.0]",19.564831991072854,8.0,4.988363737865423,2.806055346543532,25.14636246603977,7.130708281390386,0.1111111111111111,0.1111111111111111,0.0,"[(8.0, 8.0)]",0.5,True,-5.581530474966914,19.564831991072854,False
16,2,34,896,60.928000000000004,10.982352941176472,0.00036,0.00028,"[4.0, 8.0]",41.69302511539419,8.0,4.111844228390647,0.5191358098482448,47.44306517656365,13.567951019144838,0.1111111111111111,0.1111111111111111,0.1111111111111111,"[(8.0, 8.0)]",0.5,True,-5.750040061169461,41.69302511539419,False
14,2,30,1015,60.9,12.376666666666669,0.00036,0.00028,"[4.0, 8.0]",36.888551528360935,4.0,4.529526550830827,1.1393939497427221,43.452623401398945,12.161656792283727,0.1111111111111111,0.1111111111111111,0.1111111111111111,"[(4.0, 4.0)]",0.5,True,-6.564071873038012,36.888551528360935,False
13,2,28,1088,60.928000000000004,13.103571428571428,0.00036,0.00028,"[4.0, 8.0]",33.090800922459934,4.0,1.3726020175828841,-1.7202006261431007,40.558922421446745,11.473216143349998,0.1111111111111111,0.1111111111111111,0.1111111111111111,"[(4.0, 4.0)]",0.5,True,-7.468121498986814,33.090800922459934,False
13,2,28,1088,60.928000000000004,13.153571428571428,0.00036,0.00028,"[4.0, 8.0]",33.99607094828751,4.0,2.6240692470652913,-1.6781105977355337,41.64619824420744,12.044045847009583,0.1111111111111111,0.1111111111111111,0.1111111111111111,"[(4.0, 4.0)]",0.5,True,-7.650127295919926,33.99607094828751,False
15,2,32,952,60.928000000000004,11.659375000000002,0.00036,0.00028,"[4.0, 8.0]",38.4047625359566,8.0,3.5268234282713133,0.7241444132694821,47.62215768516707,12.743558411240132,0.1111111111111111,0.1111111111111111,0.1111111111111111,"[(8.0, 8.0)]",0.5,True,-9.217395149210464,38.4047625359566,False
14,5,33,923,60.918,11.11060606060606,0.00036,0.00028,"[4.0, 8.0]",25.46194604208758,8.0,8.009081894077719,7.14966750642387,36.2364865963557,9.770367494010065,0.2222222222222222,0.1111111111111111,0.1111111111111111,"[(8.0, 8.0)]",0.5,True,-10.774540554268118,25.46194604208758,False
16,5,37,823,60.902,10.104054054054057,0.00036,0.00028,"[4.0, 8.0]",19.722261388514074,8.0,1.6083910093070997,-0.06717185900297969,31.214836888290318,7.70993493080786,0.1111111111111111,0.1111111111111111,0.0,"[(8.0, 8.0)]",0.5,True,-11.492575499776244,19.722261388514074,False
12,4,28,1088,60.928000000000004,13.003571428571426,0.00036,0.00028,"[4.0, 8.0]",33.819040491815244,4.0,1.7599486830698161,0.741031356281937,47.37941281436587,12.787560251111268,0.1111111111111111,0.1111111111111111,0.1111111111111111,"[(4.0, 4.0)]",0.5,True,-13.560372322550629,33.819040491815244,False
14,5,33,923,60.918,11.210606060606061,0.00036,0.00028,"[4.0, 8.0]",11.183721063967013,8.0,8.70711006518831,9.227614411285158,7.414459077003446,2.4927074745827436,0.0,0.0,0.0,"[(4.5, 4.5), (5.5, 5.5), (6.5, 8.0)]",3.0,True,3.7692619869635675,11.183721063967013,False
14,4,32,952,60.928000000000004,11.659375000000002,0.00036,0.00028,"[4.0, 8.0]",6.880465499257817,8.0,2.0284374544107213,0.6886021135920801,7.120747153305385,2.3934809991392623,0.0,0.0,0.0,"[(4.0, 4.0), (8.0, 8.0)]",1.0,True,-0.24028165404756746,6.880465499257817,False
14,5,33,923,60.918,11.310606060606062,0.00036,0.00028,"[4.0, 8.0]",13.471463051276073,5.5,3.952162334625402,0.8006803400658855,14.211624436024861,4.93473477899219,0.0,0.0,0.0,"[(5.5, 6.0)]",1.0,True,-0.7401613847487876,13.471463051276073,False
12,4,28,1088,60.928000000000004,13.25357142857143,0.00036,0.00028,"[4.0, 8.0]",2.064682021351272,4.0,-0.034020575081875094,0.02493553793904369,3.486611742013151,1.0016087950136765,0.0,0.0,0.0,"[(4.0, 7.0), (8.0, 8.0)]",4.0,True,-1.4219297206618786,2.064682021351272,False
14,2,30,1015,60.9,12.126666666666665,0.00036,0.00028,"[4.0, 8.0]",6.624686987898839,7.5,2.8198680385464745,3.0783005791239217,8.220183372957699,2.521255780373561,0.0,0.0,0.0,"[(5.0, 5.0), (7.0, 8.0)]",2.0,True,-1.5954963850588597,6.624686987898839,False
12,4,28,1088,60.928000000000004,13.153571428571428,0.00036,0.00028,"[4.0, 8.0]",1.8769079861331373,4.5,0.09420522529302017,0.18017151278748453,3.7753855082376893,1.1674137171172192,0.0,0.0,0.0,"[(4.0, 6.5), (8.0, 8.0)]",3.5,True,-1.8984775221045518,1.8769079861331373,False
12,4,28,1088,60.928000000000004,13.20357142857143,0.00036,0.00028,"[4.0, 8.0]",1.9830257998291358,4.5,-0.7458510031098018,-1.1216314868248625,3.9827963593128066,1.1565261742291055,0.0,0.0,0.0,"[(4.5, 5.0), (6.5, 6.5), (8.0, 8.0)]",2.0,True,-1.9997705594836708,1.9830257998291358,False
11,4,26,1171,60.892,14.065384615384614,0.00036,0.00028,"[4.0, 8.0]",6.3030879214000635,7.0,0.4795548390066652,0.4323378016406281,8.451846111066654,2.3866210748006864,0.0,0.0,0.0,"[(7.0, 7.0)]",0.5,True,-2.148758189666591,6.3030879214000635,False
15,2,32,952,60.928000000000004,11.509375,0.00036,0.00028,"[4.0, 8.0]",6.6269827155451,7.0,2.704237825626281,2.631719160159008,9.15232072256826,2.607106010619006,0.0,0.0,0.0,"[(5.0, 5.0), (6.5, 7.5)]",2.0,True,-2.525338007023161,6.6269827155451,False
11,4,26,1171,60.892,14.015384615384614,0.00036,0.00028,"[4.0, 8.0]",1.775836118242318,4.0,-0.5778689591078188,-0.44654647444972545,5.134826835984499,1.6818274454133482,0.0,0.0,0.0,"[(4.0, 6.5)]",3.0,True,-3.358990717742181,1.775836118242318,False
12,4,28,1088,60.928000000000004,13.30357142857143,0.00036,0.00028,"[4.0, 8.0]",1.9541601726171989,4.0,-0.07287114516942844,0.07121210674495011,5.500723178623565,1.4966829501197394,0.0,0.0,0.0,"[(4.0, 6.5), (8.0, 8.0)]",3.5,True,-3.546563006006366,1.9541601726171989,False
11,3,25,1218,60.9,14.882000000000001,0.00036,0.00028,"[4.0, 8.0]",2.0569794634772105,5.0,-0.799163261844741,-0.4467874658131732,6.156753428281016,1.8528543816724543,0.0,0.0,0.0,"[(4.5, 6.0), (8.0, 8.0)]",2.5,True,-4.099773964803806,2.0569794634772105,False
16,2,34,896,60.928000000000004,10.932352941176472,0.00036,0.00028,"[4.0, 8.0]",10.695219884910292,8.0,1.7464241250984984,1.743191154035604,15.152248559129008,3.927248043806668,0.0,0.0,0.0,"[(8.0, 8.0)]",0.5,True,-4.457028674218716,10.695219884910292,False
13,5,31,982,60.884,11.830645161290322,0.00036,0.00028,"[4.0, 8.0]",11.98570147757513,8.0,1.1698251978539242,0.3405273464697435,17.088045306110473,4.550310033776296,0.0,0.0,0.0,"[(8.0, 8.0)]",0.5,True,-5.102343828535341,11.98570147757513,False
14,5,33,923,60.918,11.260606060606062,0.00036,0.00028,"[4.0, 8.0]",5.307767086524776,7.0,1.5013500495688838,3.517070118813508,10.475137581392882,3.510422036438272,0.0,0.0,0.0,"[(4.0, 4.5), (5.5, 5.5), (7.0, 7.5)]",2.5,True,-5.167370494868106,5.307767086524776,False
13,5,31,982,60.884,11.73064516129032,0.00036,0.00028,"[4.0, 8.0]",12.796288241635807,5.5,2.419732643415142,1.4266068934827139,18.673145506767302,5.391699792009264,0.0,0.0,0.0,"[(5.5, 5.5), (8.0, 8.0)]",1.0,True,-5.876857265131495,12.796288241635807,False
15,2,32,952,60.928000000000004,11.559375000000001,0.00036,0.00028,"[4.0, 8.0]",7.884192396601036,8.0,-0.2702531209930532,-0.689003428965157,13.790474267687422,4.3077905586954675,0.0,0.0,0.0,"[(7.5, 8.0)]",1.0,True,-5.906281871086386,7.884192396601036,False
14,2,30,1015,60.9,12.276666666666667,0.00036,0.00028,"[4.0, 8.0]",1.7461977146537497,6.0,-1.108162906464863,-0.8713792044545481,8.15388731088388,2.440469067714781,0.0,0.0,0.0,"[(5.5, 8.0)]",3.0,True,-6.407689596230131,1.7461977146537497,False
14,2,30,1015,60.9,12.226666666666667,0.00036,0.00028,"[4.0, 8.0]",4.56282187635624,8.0,0.14270822885046364,0.44608767552361395,11.029788574484003,2.9642077673711142,0.0,0.0,0.0,"[(5.5, 5.5), (7.5, 8.0)]",1.5,True,-6.466966698127764,4.56282187635624,False
12,4,28,1088,60.928000000000004,13.103571428571428,0.00036,0.00028,"[4.0, 8.0]",4.195812700235896,4.0,-0.6725270299870771,0.13490957777645873,10.730317825788921,3.5406879259889337,0.0,0.0,0.0,"[(4.0, 4.0), (5.0, 5.0), (6.0, 6.0)]",1.5,True,-6.534505125553025,4.195812700235896,False
13,2,28,1088,60.928000000000004,13.003571428571426,0.00036,0.00028,"[4.0, 8.0]",1.2934515382783576,7.0,-1.8243989791885968,-1.1650346735215344,8.106389610501951,2.899080630280829,0.0,0.0,0.0,"[(6.0, 8.0)]",2.5,True,-6.812938072223594,1.2934515382783576,False
13,4,30,1015,60.9,12.276666666666667,0.00036,0.00028,"[4.0, 8.0]",12.211294763852138,4.0,3.686585232930172,4.121400704327496,19.060389876667635,4.744013114919946,0.0,0.0,0.0,"[(4.0, 4.0)]",0.5,True,-6.849095112815498,12.211294763852138,False
14,2,30,1015,60.9,12.176666666666666,0.00036,0.00028,"[4.0, 8.0]",2.883070746418515,5.5,-0.3410339985534118,0.04904161610071696,10.062271040953158,2.978217538428793,0.0,0.0,0.0,"[(5.0, 7.0)]",2.5,True,-7.179200294534644,2.883070746418515,False
15,2,32,952,60.928000000000004,11.609375000000002,0.00036,0.00028,"[4.0, 8.0]",15.370235261262088,8.0,-0.027490576944896244,-1.1792653184193778,22.997455900204887,5.991978557969818,0.1111111111111111,0.0,0.0,"[(8.0, 8.0)]",0.5,True,-7.627220638942798,15.370235261262088,False
14,2,30,1015,60.9,12.326666666666668,0.00036,0.00028,"[4.0, 8.0]",6.477728992824842,8.0,0.04567841650017179,1.2246260568510152,14.45567038726281,4.197196874781285,0.0,0.0,0.0,"[(8.0, 8.0)]",0.5,True,-7.977941394437967,6.477728992824842,False
13,5,31,982,60.884,11.880645161290323,0.00036,0.00028,"[4.0, 8.0]",3.3121976839521494,8.0,-0.6357120174279527,0.8995166626296514,11.42357657584238,3.4640615030325805,0.0,0.0,0.0,"[(4.0, 4.5), (5.5, 5.5), (6.5, 6.5), (8.0, 8.0)]",2.5,True,-8.111378891890231,3.3121976839521494,False
15,2,32,952,60.928000000000004,11.459375,0.00036,0.00028,"[4.0, 8.0]",14.867568322035506,6.0,7.488817841131496,7.586101119048711,23.192455696187658,6.948440950903776,0.0,0.0,0.0,"[(5.5, 6.5)]",1.5,True,-8.324887374152151,14.867568322035506,False
13,5,31,982,60.884,11.930645161290323,0.00036,0.00028,"[4.0, 8.0]",14.44642487555683,6.0,4.661005184391936,4.323057197118929,22.869894233741245,7.036122311649942,0.0,0.0,0.0,"[(5.5, 6.5)]",1.5,True,-8.423469358184416,14.44642487555683,False
11,3,25,1218,60.9,14.832,0.00036,0.00028,"[4.0, 8.0]",11.317603687230317,4.0,0.9445315127026372,0.844433111470271,20.216460286312746,6.24012402356413,0.0,0.0,0.0,"[(4.0, 4.5)]",1.0,True,-8.898856599082428,11.317603687230317,False
16,2,34,896,60.928000000000004,10.882352941176471,0.00036,0.00028,"[4.0, 8.0]",7.164506385115113,8.0,1.7476089715880032,1.8051760487457842,16.32322005118009,5.1621080771210694,0.0,0.0,0.0,"[(5.5, 6.0), (7.5, 8.0)]",2.0,True,-9.158713666064978,7.164506385115113,False
13,4,30,1015,60.9,12.326666666666668,0.00036,0.00028,"[4.0, 8.0]",2.8740013630365224,4.0,-1.1021355520209604,-0.3988487990174031,12.90748306860904,3.9504621678784417,0.0,0.0,0.0,"[(4.0, 5.5)]",2.0,True,-10.033481705572518,2.8740013630365224,False
13,4,30,1015,60.9,12.376666666666669,0.00036,0.00028,"[4.0, 8.0]",2.6282540265060765,4.5,-4.0920906544237035,-2.648333349109915,13.040942799457895,4.854356386422486,0.0,0.0,0.0,"[(4.5, 4.5), (5.5, 5.5)]",1.0,True,-10.412688772951817,2.6282540265060765,False
13,5,31,982,60.884,11.780645161290321,0.00036,0.00028,"[4.0, 8.0]",13.128959511265489,8.0,-0.18944641940871676,-1.029499972182743,23.74600933909379,6.43422489349518,0.0,0.0,0.0,"[(8.0, 8.0)]",0.5,True,-10.6170498278283,13.128959511265489,False
12,4,28,1088,60.928000000000004,13.053571428571427,0.00036,0.00028,"[4.0, 8.0]",9.091067379150491,4.0,-1.1254289162526392,0.594936277872639,20.87902551978395,6.50375729852534,0.0,0.0,0.0,"[(4.0, 4.0)]",0.5,True,-11.78795814063346,9.091067379150491,False
11,3,25,1218,60.9,14.782,0.00036,0.00028,"[4.0, 8.0]",15.752285252698071,5.0,1.0337663143603408,0.8102200685259477,28.033990195638417,9.617931828189937,0.1111111111111111,0.0,0.0,"[(4.5, 5.0)]",1.0,True,-12.281704942940348,15.752285252698071,False
13,4,30,1015,60.9,12.42666666666667,0.00036,0.00028,"[4.0, 8.0]",2.197933116615482,4.5,-6.08753790213609,-4.298131355460394,21.479906815489073,7.032897219147355,0.0,0.0,0.0,"[(4.5, 4.5), (5.5, 6.0)]",1.5,True,-19.281973698873593,2.197933116615482,False
