pump_GHz,Idc_A,Ip0_A,band_GHz,peak_gain_db,peak_frequency_GHz,mean_in_band_gain_db,median_in_band_gain_db,ripple_peak_to_peak_db,ripple_std_db,fraction_above_15db,fraction_above_17db,fraction_above_20db,bandwidth_regions_GHz,total_3db_bandwidth_GHz,finite
13.1,0.00033999999999999997,0.00033,"[4.0, 8.0]",42.08545560761859,7.999999999999986,26.645355506489274,31.838808543584918,42.30005115770372,13.241423603676354,0.8048780487804879,0.7804878048780488,0.7317073170731707,"[(6.199999999999992, 6.199999999999992), (7.299999999999988, 7.399999999999988), (7.999999999999986, 7.999999999999986)]",0.3999999999999986,True
13.12,0.00033999999999999997,0.00033,"[4.0, 8.0]",40.4296807524305,7.699999999999987,29.950356225466933,33.250116938786995,39.22233020754875,10.095649548234986,0.8780487804878049,0.8780487804878049,0.8780487804878049,"[(5.899999999999993, 5.899999999999993), (6.199999999999992, 6.299999999999992), (7.599999999999987, 7.7999999999999865)]",0.5999999999999979,True
13.14,0.00033999999999999997,0.00033,"[4.0, 8.0]",6.051666308782748,4.399999999999999,3.8030639773355848,3.532128515145276,4.348887178916418,0.9290614518237604,0.0,0.0,0.0,"[(4.0, 6.599999999999991), (6.999999999999989, 7.299999999999988), (7.599999999999987, 7.7999999999999865)]",3.399999999999988,True
13.16,0.00033999999999999997,0.00033,"[4.0, 8.0]",4.16052129962183,4.299999999999999,2.7092669357444796,2.5823672690030057,2.7747684345220853,0.8150407158539913,0.0,0.0,0.0,"[(4.0, 7.999999999999986)]",4.099999999999985,True
13.1,0.00033999999999999997,0.00033999999999999997,"[4.0, 8.0]",42.299270108083306,7.499999999999988,22.067042039236394,27.29313765896629,42.26068217230498,15.076115021769727,0.6585365853658537,0.6341463414634146,0.5853658536585366,"[(6.199999999999992, 6.199999999999992), (6.3999999999999915, 6.3999999999999915), (7.099999999999989, 7.099999999999989), (7.499999999999988, 7.499999999999988)]",0.3999999999999986,True
13.12,0.00033999999999999997,0.00033999999999999997,"[4.0, 8.0]",41.39127178356733,7.399999999999988,27.5828378710178,32.119190555814974,42.41112353131523,12.184007881418514,0.8048780487804879,0.8048780487804879,0.8048780487804879,"[(7.299999999999988, 7.399999999999988), (7.899999999999986, 7.899999999999986)]",0.29999999999999893,True
13.14,0.00033999999999999997,0.00033999999999999997,"[4.0, 8.0]",6.692396303967708,4.499999999999998,4.418783049295887,4.142481085749014,4.624027643406313,0.8975252649892241,0.0,0.0,0.0,"[(4.0, 6.69999999999999), (6.999999999999989, 7.299999999999988), (7.699999999999987, 7.7999999999999865)]",3.399999999999988,True
13.16,0.00033999999999999997,0.00033999999999999997,"[4.0, 8.0]",4.631500436591055,4.299999999999999,3.1275832951979585,3.0045290811604457,3.0806961636393098,0.7866966132494657,0.0,0.0,0.0,"[(4.0, 7.899999999999986)]",3.999999999999986,True
13.1,0.00033999999999999997,0.00035,"[4.0, 8.0]",31.97095367479488,6.299999999999992,9.998754210276392,5.419523419523658,40.30362113407902,10.840048654250436,0.36585365853658536,0.3170731707317073,0.2926829268292683,"[(6.299999999999992, 6.299999999999992), (6.499999999999991, 6.499999999999991)]",0.1999999999999993,True
13.12,0.00033999999999999997,0.00035,"[4.0, 8.0]",41.80433517844375,7.399999999999988,24.618800183322865,30.051104050438433,42.15963328150214,14.117736059590731,0.7073170731707317,0.7073170731707317,0.6585365853658537,"[(5.799999999999994, 5.799999999999994), (7.299999999999988, 7.499999999999988)]",0.3999999999999986,True
13.14,0.00033999999999999997,0.00035,"[4.0, 8.0]",7.378022895814861,4.499999999999998,4.992174666017375,4.820215776421277,4.813822219076849,0.9000252120148741,0.0,0.0,0.0,"[(4.0, 7.299999999999988)]",3.399999999999988,True
13.16,0.00033999999999999997,0.00035,"[4.0, 8.0]",5.053996107751681,4.299999999999999,3.5409897029774324,3.2958714777632037,3.3543196350396434,0.7631470461856372,0.0,0.0,0.0,"[(4.0, 7.899999999999986)]",3.999999999999986,True
13.1,0.00035,0.00033,"[4.0, 8.0]",40.99349090439708,7.399999999999988,20.66297166295886,24.110125942488434,42.256064853708786,15.031315857653073,0.5853658536585366,0.5853658536585366,0.5365853658536586,"[(6.199999999999992, 6.199999999999992), (6.499999999999991, 6.499999999999991), (7.399999999999988, 7.399999999999988)]",0.29999999999999893,True
13.12,0.00035,0.00033,"[4.0, 8.0]",40.92617393561467,7.899999999999986,27.205219517982442,30.603900826102375,40.71225839243055,12.156977091160808,0.8048780487804879,0.8048780487804879,0.7804878048780488,"[(7.099999999999989, 7.399999999999988), (7.7999999999999865, 7.899999999999986)]",0.5999999999999979,True
13.14,0.00035,0.00033,"[4.0, 8.0]",6.295804223489042,4.399999999999999,4.096992983500751,3.8528888790390714,4.398149007605365,0.8731587725946175,0.0,0.0,0.0,"[(4.0, 6.69999999999999), (6.999999999999989, 7.299999999999988), (7.599999999999987, 7.899999999999986)]",3.599999999999987,True
13.16,0.00035,0.00033,"[4.0, 8.0]",4.338825758369113,4.299999999999999,2.886948737710129,2.8158197037069446,2.993240537875777,0.7831177602892843,0.0,0.0,0.0,"[(4.0, 7.999999999999986)]",4.099999999999985,True
13.1,0.00035,0.00033999999999999997,"[4.0, 8.0]",26.133586753524206,6.499999999999991,7.591798617414891,4.833632873726301,38.27357627887248,9.6490214754656,0.3170731707317073,0.2682926829268293,0.14634146341463414,"[(6.299999999999992, 6.299999999999992), (6.499999999999991, 6.499999999999991)]",0.1999999999999993,True
13.12,0.00035,0.00033999999999999997,"[4.0, 8.0]",40.770315601121425,7.299999999999988,24.552370334102022,30.752718239371653,41.33749635910029,14.485980304388914,0.7073170731707317,0.6829268292682927,0.6585365853658537,"[(5.899999999999993, 5.999999999999993), (6.199999999999992, 6.199999999999992), (6.999999999999989, 7.399999999999988)]",0.7999999999999972,True
13.14,0.00035,0.00033999999999999997,"[4.0, 8.0]",6.965502509927909,4.499999999999998,4.6681204715444755,4.477424730692662,4.606501319476569,0.8622895038052867,0.0,0.0,0.0,"[(4.0, 7.299999999999988), (7.7999999999999865, 7.7999999999999865)]",3.4999999999999876,True
13.16,0.00035,0.00033999999999999997,"[4.0, 8.0]",4.765306794299132,4.299999999999999,3.2925759262691594,3.0886254645064493,3.2643679598415742,0.756171376572859,0.0,0.0,0.0,"[(4.0, 7.899999999999986)]",3.999999999999986,True
13.1,0.00035,0.00035,"[4.0, 8.0]",3.279230975301459,6.3999999999999915,0.18180246139053183,0.4133136211130539,12.788826170832948,2.764205499727771,0.0,0.0,0.0,"[(4.0, 4.0), (4.399999999999999, 4.799999999999997), (5.599999999999994, 7.099999999999989), (7.899999999999986, 7.999999999999986)]",2.3999999999999915,True
13.12,0.00035,0.00035,"[4.0, 8.0]",31.544699686860078,6.3999999999999915,14.259936678332748,14.121049291108603,34.455883481789726,11.632822045660125,0.4878048780487805,0.43902439024390244,0.36585365853658536,"[(6.199999999999992, 6.89999999999999)]",0.7999999999999972,True
13.14,0.00035,0.00035,"[4.0, 8.0]",7.5292167326336115,4.499999999999998,5.1853491960379126,5.129759213840007,4.562414088093739,0.8830480462842736,0.0,0.0,0.0,"[(4.0, 7.299999999999988)]",3.399999999999988,True
13.16,0.00035,0.00035,"[4.0, 8.0]",5.139532574486255,4.399999999999999,3.6834355604157523,3.5212483026311867,3.497119024061189,0.7387881872904903,0.0,0.0,0.0,"[(4.0, 7.899999999999986)]",3.999999999999986,True
13.1,0.00035999999999999997,0.00033,"[4.0, 8.0]",22.254773699562026,6.499999999999991,6.9591522916297945,4.36736633020531,31.833379199156735,8.610576266777029,0.2682926829268293,0.21951219512195122,0.07317073170731707,"[(6.199999999999992, 6.599999999999991)]",0.4999999999999982,True
13.12,0.00035999999999999997,0.00033,"[4.0, 8.0]",39.9768705448241,7.199999999999989,24.073778879856675,31.557586987795837,39.81915110701343,14.382514454674805,0.6829268292682927,0.6585365853658537,0.6585365853658537,"[(5.999999999999993, 6.199999999999992), (6.79999999999999, 7.399999999999988)]",0.9999999999999964,True
13.14,0.00035999999999999997,0.00033,"[4.0, 8.0]",6.550185333743888,4.499999999999998,4.347051227550361,4.185647316010116,4.383250996441413,0.8325789822013029,0.0,0.0,0.0,"[(4.0, 7.399999999999988), (7.699999999999987, 7.899999999999986)]",3.7999999999999865,True
13.16,0.00035999999999999997,0.00033,"[4.0, 8.0]",4.48260157722099,4.299999999999999,3.049934078776429,2.8992814223660117,3.165624391652642,0.7530192088408276,0.0,0.0,0.0,"[(4.0, 7.899999999999986)]",3.999999999999986,True
13.1,0.00035999999999999997,0.00033999999999999997,"[4.0, 8.0]",4.34456051131331,6.499999999999991,-0.4023834386292718,0.4957427110687179,14.906500764284612,3.177636506430049,0.0,0.0,0.0,"[(4.0, 4.0), (4.799999999999997, 5.099999999999996), (6.0999999999999925, 6.79999999999999)]",1.2999999999999954,True
13.12,0.00035999999999999997,0.00033999999999999997,"[4.0, 8.0]",28.747561437523377,6.3999999999999915,12.341376337839737,11.842797834590185,32.61225985057751,10.896289235078168,0.43902439024390244,0.3902439024390244,0.3170731707317073,"[(6.199999999999992, 6.89999999999999)]",0.7999999999999972,True
13.14,0.00035999999999999997,0.00033999999999999997,"[4.0, 8.0]",7.143548842329533,4.499999999999998,4.86435043342607,4.757924743001803,4.420033361274642,0.8435593498297564,0.0,0.0,0.0,"[(4.0, 7.399999999999988), (7.7999999999999865, 7.7999999999999865)]",3.599999999999987,True
13.16,0.00035999999999999997,0.00033999999999999997,"[4.0, 8.0]",4.8589965954670475,4.299999999999999,3.436386081938359,3.2570188597897114,3.3939729004081727,0.7307196847099171,0.0,0.0,0.0,"[(4.0, 7.899999999999986)]",3.999999999999986,True
13.1,0.00035999999999999997,0.00035,"[4.0, 8.0]",1.4207462670452828,4.9999999999999964,-3.504744926127718,-2.013066839974092,28.235698628686915,5.014309637566449,0.0,0.0,0.0,"[(4.0, 4.1), (4.299999999999999, 5.299999999999995), (7.199999999999989, 7.599999999999987)]",1.7999999999999936,True
13.12,0.00035999999999999997,0.00035,"[4.0, 8.0]",10.16879714031673,6.3999999999999915,2.8741434918828563,1.6339830546356708,18.295198662202303,4.447632265118588,0.0,0.0,0.0,"[(5.999999999999993, 6.999999999999989)]",1.099999999999996,True
13.14,0.00035999999999999997,0.00035,"[4.0, 8.0]",7.581036540180811,4.499999999999998,5.3204387597835465,5.334990442428207,4.166398594106469,0.8800473343886966,0.0,0.0,0.0,"[(4.0, 7.399999999999988)]",3.4999999999999876,True
13.16,0.00035999999999999997,0.00035,"[4.0, 8.0]",5.239780063964464,4.399999999999999,3.7990702019111433,3.69671753702679,3.6375673359921565,0.721308545670485,0.0,0.0,0.0,"[(4.0, 7.899999999999986)]",3.999999999999986,True
13.1,0.000375,0.00033,"[4.0, 8.0]",2.280428084483394,5.199999999999996,-1.8202178227697623,-1.2801609088533794,16.46455989795666,3.472253545249824,0.0,0.0,0.0,"[(4.0, 4.299999999999999), (4.799999999999997, 5.599999999999994), (7.299999999999988, 7.599999999999987)]",1.699999999999994,True
13.12,0.000375,0.00033,"[4.0, 8.0]",16.671565386666018,6.3999999999999915,6.340865250164277,3.950463985309438,18.490477260423408,6.312516612478713,0.14634146341463414,0.0,0.0,"[(6.199999999999992, 6.89999999999999)]",0.7999999999999972,True
13.14,0.000375,0.00033,"[4.0, 8.0]",6.8269275219302585,4.499999999999998,4.63013588222116,4.519397225919702,4.152972278137991,0.8053386763691925,0.0,0.0,0.0,"[(4.0, 7.399999999999988), (7.7999999999999865, 7.899999999999986)]",3.699999999999987,True
13.16,0.000375,0.00033,"[4.0, 8.0]",4.629768469668301,4.299999999999999,3.259735592534084,3.1200587898932293,3.332348090530722,0.715369945034131,0.0,0.0,0.0,"[(4.0, 7.899999999999986)]",3.999999999999986,True
13.1,0.000375,0.00033999999999999997,"[4.0, 8.0]",1.5114467711964368,6.299999999999992,-0.8289395018927105,0.36767312902026666,15.53515736470386,3.1924093049955915,0.0,0.0,0.0,"[(4.0, 4.6999999999999975), (4.9999999999999964, 7.099999999999989), (7.899999999999986, 7.999999999999986)]",3.1999999999999886,True
13.12,0.000375,0.00033999999999999997,"[4.0, 8.0]",2.692762664380062,6.499999999999991,-0.14063556703182006,0.35950075425967365,17.602987522606757,2.7130407543947355,0.0,0.0,0.0,"[(4.0, 4.499999999999998), (4.9999999999999964, 6.79999999999999), (7.399999999999988, 7.699999999999987)]",2.8999999999999897,True
13.14,0.000375,0.00033999999999999997,"[4.0, 8.0]",7.235091388936652,4.499999999999998,5.05611311897388,5.083202084573396,4.030575299142388,0.8449956301417414,0.0,0.0,0.0,"[(4.0, 7.399999999999988), (7.899999999999986, 7.899999999999986)]",3.599999999999987,True
13.16,0.000375,0.00033999999999999997,"[4.0, 8.0]",4.980688128914262,4.399999999999999,3.606779247556748,3.4969454990012325,3.542154332915724,0.7042645274371916,0.0,0.0,0.0,"[(4.0, 7.899999999999986)]",3.999999999999986,True
13.1,0.000375,0.00035,"[4.0, 8.0]",2.32298996811443,4.0,-2.1230326282360874,-0.5506964076931735,17.72480768064368,4.164667005659747,0.0,0.0,0.0,"[(4.0, 4.399999999999999), (5.499999999999995, 6.499999999999991), (7.399999999999988, 7.7999999999999865)]",2.0999999999999925,True
13.12,0.000375,0.00035,"[4.0, 8.0]",3.5342302664043617,6.499999999999991,-0.2945473863764036,1.0323396240800458,24.89182020884182,4.226890275283502,0.0,0.0,0.0,"[(4.0, 4.499999999999998), (5.299999999999995, 7.099999999999989), (7.999999999999986, 7.999999999999986)]",2.5999999999999908,True
13.14,0.000375,0.00035,"[4.0, 8.0]",7.4829858213865545,4.499999999999998,5.415288046749493,5.4935295460679665,4.279454410419663,0.896630964197319,0.0,0.0,0.0,"[(4.0, 7.399999999999988), (7.899999999999986, 7.899999999999986)]",3.599999999999987,True
13.16,0.000375,0.00035,"[4.0, 8.0]",5.308852379730128,4.399999999999999,3.9180828211099406,3.814958948695443,3.7353916658288924,0.7078809618435928,0.0,0.0,0.0,"[(4.0, 7.899999999999986)]",3.999999999999986,True
13.1,0.00039999999999999996,0.00033,"[4.0, 8.0]",1.2582583306815998,4.499999999999998,-2.6287905882520337,-1.4904324081117886,22.70453570381155,3.9765244795821375,0.0,0.0,0.0,"[(4.0, 5.299999999999995), (6.89999999999999, 7.499999999999988), (7.999999999999986, 7.999999999999986)]",2.199999999999992,True
13.12,0.00039999999999999996,0.00033,"[4.0, 8.0]",1.328620885577838,4.499999999999998,-1.6587345202355908,-0.7718362039550287,11.132156898609791,2.6009721198043683,0.0,0.0,0.0,"[(4.0, 5.199999999999996), (5.599999999999994, 6.599999999999991), (7.699999999999987, 7.999999999999986)]",2.79999999999999,True
13.14,0.00039999999999999996,0.00033,"[4.0, 8.0]",6.857072814569279,4.499999999999998,4.846474061147832,4.960608767008746,4.188808323606012,0.8385695527078829,0.0,0.0,0.0,"[(4.0, 7.399999999999988), (7.899999999999986, 7.899999999999986)]",3.599999999999987,True
13.16,0.00039999999999999996,0.00033,"[4.0, 8.0]",4.788231754431165,4.399999999999999,3.4972160137500095,3.4624166363057713,3.46591561933051,0.6817861440516134,0.0,0.0,0.0,"[(4.0, 7.899999999999986)]",3.999999999999986,True
13.1,0.00039999999999999996,0.00033999999999999997,"[4.0, 8.0]",3.2362264181688216,4.499999999999998,0.39617000978938954,1.7214644833987935,17.81631611932983,3.6713469976718165,0.0,0.0,0.0,"[(4.0, 5.299999999999995), (5.699999999999994, 6.999999999999989), (7.699999999999987, 7.899999999999986)]",3.099999999999989,True
13.12,0.00039999999999999996,0.00033999999999999997,"[4.0, 8.0]",3.109574475540278,4.499999999999998,-2.9172796132029717,-1.7054434756218377,17.788541704021913,4.474177278053937,0.0,0.0,0.0,"[(4.1, 5.099999999999996), (7.199999999999989, 7.599999999999987)]",1.5999999999999943,True
13.14,0.00039999999999999996,0.00033999999999999997,"[4.0, 8.0]",6.958253581901797,4.599999999999998,5.107394286994013,5.285278278469999,4.334549253266663,0.8972481088268863,0.0,0.0,0.0,"[(4.0, 7.399999999999988), (7.899999999999986, 7.999999999999986)]",3.699999999999987,True
13.16,0.00039999999999999996,0.00033999999999999997,"[4.0, 8.0]",5.037807438224463,4.399999999999999,3.755301028968079,3.6850462805751194,3.5800048640686004,0.6928245933084736,0.0,0.0,0.0,"[(4.0, 7.899999999999986)]",3.999999999999986,True
13.1,0.00039999999999999996,0.00035,"[4.0, 8.0]",12.523801016623683,4.0,1.7439826187965743,2.838047040106153,35.51706951288296,5.891970834592802,0.0,0.0,0.0,"[(4.0, 4.1)]",0.1999999999999993,True
13.12,0.00039999999999999996,0.00035,"[4.0, 8.0]",6.066185006834647,4.0,-0.8587178212021918,-0.1996804067199859,34.79323748060242,5.6566778055073375,0.0,0.0,0.0,"[(4.0, 4.599999999999998), (6.89999999999999, 6.999999999999989), (7.999999999999986, 7.999999999999986)]",0.9999999999999964,True
13.14,0.00039999999999999996,0.00035,"[4.0, 8.0]",7.036769073550273,4.599999999999998,5.2982399201587524,5.364676427644541,4.400876865151435,0.9410849817322343,0.0,0.0,0.0,"[(4.0, 7.399999999999988), (7.899999999999986, 7.999999999999986)]",3.699999999999987,True
13.16,0.00039999999999999996,0.00035,"[4.0, 8.0]",5.199269361875583,4.399999999999999,3.9606613256790766,3.848495907660751,3.608934761918061,0.7152965415713216,0.0,0.0,0.0,"[(4.0, 7.899999999999986)]",3.999999999999986,True
