pump_GHz,Idc_A,Ip0_A,band_GHz,peak_gain_db,peak_frequency_GHz,mean_in_band_gain_db,median_in_band_gain_db,ripple_peak_to_peak_db,ripple_std_db,fraction_above_15db,fraction_above_17db,fraction_above_20db,bandwidth_regions_GHz,total_3db_bandwidth_GHz,finite,minimum_in_band_gain_db,maximum_in_band_gain_db,strict_qualified
12.930000000000001,0.00030499999999999993,0.0002999999999999999,"[4.0, 8.0]",25.231483712788236,5.449999999999995,24.086585334019922,24.50092163160187,4.288470770706208,1.1645953415659982,1.0,1.0,1.0,"[(4.0, 7.549999999999987)]",3.599999999999987,True,20.943012942082028,25.231483712788236,False
12.940000000000001,0.00030499999999999993,0.0002999999999999999,"[4.0, 8.0]",23.592660358728146,5.449999999999995,22.452403277178174,22.85713354455663,4.271609670804239,1.167029439453324,1.0,1.0,0.9382716049382716,"[(4.0, 7.549999999999987)]",3.599999999999987,True,19.321050687923908,23.592660358728146,False
12.950000000000001,0.00030499999999999993,0.0002999999999999999,"[4.0, 8.0]",22.006091912712904,5.449999999999995,20.871793587032744,21.29518703139615,4.2532119620392095,1.169119577390654,1.0,1.0,0.7901234567901234,"[(4.0, 7.549999999999987)]",3.599999999999987,True,17.752879950673695,22.006091912712904,False
12.930000000000001,0.00030499999999999993,0.00030999999999999995,"[4.0, 8.0]",34.52834654706137,5.699999999999994,33.47675902687428,33.80270296723363,3.847701133076775,1.025466892397597,1.0,1.0,1.0,"[(4.0, 7.749999999999987)]",3.7999999999999865,True,30.680645413984593,34.52834654706137,False
12.940000000000001,0.00030499999999999993,0.00030999999999999995,"[4.0, 8.0]",33.25815507670604,5.649999999999994,32.16580040223724,32.48866668905944,3.996789214709125,1.0646410774420954,1.0,1.0,1.0,"[(4.0, 7.699999999999987)]",3.7499999999999867,True,29.261365861996914,33.25815507670604,False
12.950000000000001,0.00030499999999999993,0.00030999999999999995,"[4.0, 8.0]",31.97441727914239,5.649999999999994,30.85660891624568,31.21153613590501,4.090739146965085,1.090895371254569,1.0,1.0,1.0,"[(4.0, 7.649999999999987)]",3.699999999999987,True,27.883678132177305,31.97441727914239,False
12.930000000000001,0.00030499999999999993,0.00031999999999999997,"[4.0, 8.0]",39.89286229231372,6.999999999999989,39.13184181540043,39.24801528680295,2.25417588748968,0.6322213306945416,1.0,1.0,1.0,"[(4.0, 7.999999999999986)]",4.049999999999986,True,37.63868640482404,39.89286229231372,True
12.940000000000001,0.00030499999999999993,0.00031999999999999997,"[4.0, 8.0]",39.435052200885345,6.74999999999999,38.734080725755994,38.892534576203545,2.2772538231740356,0.6177927207016667,1.0,1.0,1.0,"[(4.0, 7.999999999999986)]",4.049999999999986,True,37.15779837771131,39.435052200885345,True
12.950000000000001,0.00030499999999999993,0.00031999999999999997,"[4.0, 8.0]",38.91266342052937,6.499999999999991,38.19838962704493,38.402675118364876,2.348389789537258,0.6615715068190708,1.0,1.0,1.0,"[(4.0, 7.999999999999986)]",4.049999999999986,True,36.56427363099211,38.91266342052937,True
12.930000000000001,0.00031499999999999996,0.0002999999999999999,"[4.0, 8.0]",32.22559982016316,5.649999999999994,31.11991434387616,31.467740530742386,4.077335989668754,1.086075507882687,1.0,1.0,1.0,"[(4.0, 7.649999999999987)]",3.699999999999987,True,28.148263830494408,32.22559982016316,False
12.940000000000001,0.00031499999999999996,0.0002999999999999999,"[4.0, 8.0]",30.793325722110097,5.599999999999994,29.665821001593184,30.03857730646565,4.1575545287772755,1.109369067071773,1.0,1.0,1.0,"[(4.0, 7.649999999999987)]",3.699999999999987,True,26.635771193332822,30.793325722110097,False
12.950000000000001,0.00031499999999999996,0.0002999999999999999,"[4.0, 8.0]",29.372027287803494,5.599999999999994,28.234106865655605,28.580041178809473,4.201344599255997,1.1232834489932384,1.0,1.0,1.0,"[(4.0, 7.599999999999987)]",3.649999999999987,True,25.170682688547497,29.372027287803494,False
12.930000000000001,0.00031499999999999996,0.00030999999999999995,"[4.0, 8.0]",38.931836516287035,6.549999999999991,38.236328208561424,38.40897548652803,2.278542137367211,0.6294562848762917,1.0,1.0,1.0,"[(4.0, 7.999999999999986)]",4.049999999999986,True,36.653294378919824,38.931836516287035,True
12.940000000000001,0.00031499999999999996,0.00030999999999999995,"[4.0, 8.0]",38.31274439099816,6.299999999999992,37.56641137422546,37.78608454967349,2.3746236880910914,0.699165954636746,1.0,1.0,1.0,"[(4.0, 7.999999999999986)]",4.049999999999986,True,35.93812070290707,38.31274439099816,True
12.950000000000001,0.00031499999999999996,0.00030999999999999995,"[4.0, 8.0]",37.60331221439121,6.149999999999992,36.77992847542306,37.04844576935894,2.773577054253799,0.7815485426420337,1.0,1.0,1.0,"[(4.0, 7.999999999999986)]",4.049999999999986,True,34.82973516013741,37.60331221439121,True
12.930000000000001,0.00031499999999999996,0.00031999999999999997,"[4.0, 8.0]",41.020473456567146,7.999999999999986,37.60504020049099,36.82931307711068,4.9383423464075875,1.5796222050778668,1.0,1.0,1.0,"[(6.69999999999999, 7.999999999999986)]",1.3499999999999952,True,36.08213111015956,41.020473456567146,False
12.940000000000001,0.00031499999999999996,0.00031999999999999997,"[4.0, 8.0]",40.953177940542815,7.999999999999986,38.128622103156076,37.44888523733353,4.208668774081616,1.4063717083539307,1.0,1.0,1.0,"[(6.349999999999992, 7.999999999999986)]",1.699999999999994,True,36.7445091664612,40.953177940542815,False
12.950000000000001,0.00031499999999999996,0.00031999999999999997,"[4.0, 8.0]",40.739219509218415,7.999999999999986,38.51343813305196,38.00868907609788,3.4587614554841366,1.230880531934314,1.0,1.0,1.0,"[(5.799999999999994, 7.999999999999986)]",2.249999999999992,True,37.28045805373428,40.739219509218415,False
12.930000000000001,0.000325,0.0002999999999999999,"[4.0, 8.0]",37.501856411800226,6.199999999999992,36.6981587563036,36.95157296742825,2.726095235165431,0.763797552048009,1.0,1.0,1.0,"[(4.0, 7.999999999999986)]",4.049999999999986,True,34.775761176634795,37.501856411800226,True
12.940000000000001,0.000325,0.0002999999999999999,"[4.0, 8.0]",36.60889714268475,5.949999999999993,35.7218800331435,36.01382293957628,3.128113209761672,0.8537427410339437,1.0,1.0,1.0,"[(4.0, 7.949999999999986)]",3.999999999999986,True,33.480783932923075,36.60889714268475,False
12.950000000000001,0.000325,0.0002999999999999999,"[4.0, 8.0]",35.62872626313571,5.949999999999993,34.66833823543602,34.95636364717604,3.435990787979385,0.9278850539841234,1.0,1.0,1.0,"[(4.0, 7.849999999999986)]",3.899999999999986,True,32.192735475156326,35.62872626313571,False
12.930000000000001,0.000325,0.00030999999999999995,"[4.0, 8.0]",40.58986254988951,7.999999999999986,38.209762407647474,37.66372028297206,3.664411985958445,1.2826366715524202,1.0,1.0,1.0,"[(5.949999999999993, 7.999999999999986)]",2.0999999999999925,True,36.925450563931065,40.58986254988951,False
12.940000000000001,0.000325,0.00030999999999999995,"[4.0, 8.0]",40.29121724921769,7.7999999999999865,38.522096382120566,38.17607412901766,2.8990319744941644,1.0869760183547494,1.0,1.0,1.0,"[(4.0, 7.999999999999986)]",4.049999999999986,True,37.39218527472352,40.29121724921769,True
12.950000000000001,0.000325,0.00030999999999999995,"[4.0, 8.0]",39.9888383821986,7.549999999999987,38.66873915041964,38.52136172804082,2.5822594302440933,0.9096084549305643,1.0,1.0,1.0,"[(4.0, 7.999999999999986)]",4.049999999999986,True,37.40657895195451,39.9888383821986,True
12.930000000000001,0.000325,0.00031999999999999997,"[4.0, 8.0]",37.92958974827499,7.999999999999986,32.259638028189585,31.42960331445626,7.72137094284701,2.1871539418756183,1.0,1.0,1.0,"[(7.399999999999988, 7.999999999999986)]",0.6499999999999977,True,30.208218805427983,37.92958974827499,False
12.940000000000001,0.000325,0.00031999999999999997,"[4.0, 8.0]",38.60195996946487,7.999999999999986,33.17431580803603,32.34289380992096,7.4104218024131825,2.120594209597088,1.0,1.0,1.0,"[(7.349999999999988, 7.999999999999986)]",0.6999999999999975,True,31.19153816705169,38.60195996946487,False
12.950000000000001,0.000325,0.00031999999999999997,"[4.0, 8.0]",39.172675422609736,7.999999999999986,34.01434730742631,33.198604931169015,7.07412501090824,2.045297734965144,1.0,1.0,1.0,"[(7.299999999999988, 7.999999999999986)]",0.7499999999999973,True,32.098550411701495,39.172675422609736,False
