pump_GHz,Idc_A,Ip0_A,band_GHz,peak_gain_db,peak_frequency_GHz,mean_in_band_gain_db,median_in_band_gain_db,ripple_peak_to_peak_db,ripple_std_db,fraction_above_15db,fraction_above_17db,fraction_above_20db,bandwidth_regions_GHz,total_3db_bandwidth_GHz,finite,minimum_in_band_gain_db,maximum_in_band_gain_db
13.099999999999998,0.0003,0.00022999999999999998,"[4.0, 8.0]",31.410955673581128,4.5,27.853503738604555,28.60607372283706,7.412575809189004,2.6645613044820005,1.0,1.0,1.0,"[(4.0, 5.0), (6.5, 6.5), (8.0, 8.0)]",2.5,True,23.998379864392124,31.410955673581128
12.6,0.00039999999999999996,0.00033,"[4.0, 8.0]",40.632120175820674,4.5,36.92174016601095,37.441168821206745,7.881797367231265,2.1436046148985306,1.0,1.0,1.0,"[(4.0, 4.5), (6.0, 6.5)]",2.0,True,32.75032280858941,40.632120175820674
12.7,0.00035,0.00033,"[4.0, 8.0]",42.36349028579759,8.0,37.82314975365388,38.458406275791226,10.467758947452264,3.190734663584214,1.0,1.0,1.0,"[(6.5, 6.5), (7.5, 8.0)]",1.5,True,31.895731338345325,42.36349028579759
12.799999999999999,0.00039999999999999996,0.00028,"[4.0, 8.0]",38.737116774745374,7.5,34.133663580944436,34.595388585116204,10.480278063289962,3.39995736868564,1.0,1.0,1.0,"[(5.0, 5.0), (6.0, 6.0), (7.0, 7.5)]",2.0,True,28.256838711455412,38.737116774745374
12.999999999999998,0.0003,0.00022999999999999998,"[4.0, 8.0]",38.57902809054933,7.5,32.24409927266177,32.00025718335739,10.933106742031839,3.007339633179315,1.0,1.0,1.0,"[(7.5, 7.5)]",0.5,True,27.64592134851749,38.57902809054933
12.6,0.00039999999999999996,0.00028,"[4.0, 8.0]",40.59680562367289,6.0,34.847613961012414,35.46917204469851,11.348548124966076,4.104898489417953,1.0,1.0,1.0,"[(4.5, 4.5), (6.0, 6.0), (8.0, 8.0)]",1.5,True,29.248257498706817,40.59680562367289
12.899999999999999,0.00039999999999999996,0.00028,"[4.0, 8.0]",39.00720778085723,5.5,33.7591129816017,34.21831713418377,12.127190162381083,3.1431646729925604,1.0,1.0,1.0,"[(5.5, 5.5), (8.0, 8.0)]",1.0,True,26.880017618476145,39.00720778085723
13.099999999999998,0.00025,0.00028,"[4.0, 8.0]",36.10656180305231,7.0,29.86542241014031,30.266435437154442,12.196100337464557,3.5636445419834826,1.0,1.0,1.0,"[(7.0, 7.0)]",0.5,True,23.91046146558775,36.10656180305231
12.7,0.0003,0.00017999999999999998,"[4.0, 8.0]",34.25866507463844,6.5,28.256633606293963,28.649143489150045,12.986174173197906,4.056826163013776,1.0,1.0,1.0,"[(6.5, 6.5), (7.5, 8.0)]",1.5,True,21.27249090144053,34.25866507463844
12.799999999999999,0.00039999999999999996,0.00033,"[4.0, 8.0]",43.32183854450367,8.0,36.11523306250144,36.23563455473052,13.115067277337932,4.101475648179345,1.0,1.0,1.0,"[(6.0, 6.0), (8.0, 8.0)]",1.0,True,30.20677126716574,43.32183854450367
12.999999999999998,0.00025,0.00028,"[4.0, 8.0]",38.100446666962455,4.5,32.059236999048295,34.25220166126685,13.844362022642095,4.544325986129849,1.0,1.0,1.0,"[(4.5, 4.5), (6.0, 6.0)]",1.0,True,24.25608464432036,38.100446666962455
12.999999999999998,0.00025,0.00022999999999999998,"[4.0, 8.0]",35.56279970973457,4.0,28.04808986147513,27.08327785411381,13.946318579108073,3.9247508856748485,1.0,1.0,1.0,"[(4.0, 4.0)]",0.5,True,21.616481130626497,35.56279970973457
12.799999999999999,0.00035,0.00033,"[4.0, 8.0]",43.29147788908284,7.5,36.64626426004845,37.5542669468572,14.022994248513225,4.673516129951692,1.0,1.0,1.0,"[(6.0, 6.0), (7.5, 7.5)]",1.0,True,29.268483640569617,43.29147788908284
12.7,0.00039999999999999996,0.00033,"[4.0, 8.0]",40.93875874370116,8.0,34.02848808072249,33.865695501478676,14.298937389321676,4.4673303326048615,1.0,1.0,1.0,"[(7.5, 8.0)]",1.0,True,26.63982135437948,40.93875874370116
12.799999999999999,0.0003,0.00033,"[4.0, 8.0]",40.33870779488045,7.5,33.38644250475019,33.13492070923791,14.963614398775935,5.234386401196819,1.0,1.0,1.0,"[(4.5, 4.5), (5.5, 5.5), (7.0, 7.5)]",2.0,True,25.375093396104514,40.33870779488045
13.099999999999998,0.00035,0.00022999999999999998,"[4.0, 8.0]",36.68263246314827,7.5,30.870940567396676,32.177471301494684,15.54265230960646,4.966802432798938,1.0,1.0,1.0,"[(5.5, 5.5), (7.5, 8.0)]",1.5,True,21.139980153541813,36.68263246314827
12.6,0.00025,0.00017999999999999998,"[4.0, 8.0]",35.526858725537245,7.5,29.811417044050586,31.866135056500934,16.465876499193605,4.9514185067608745,1.0,1.0,0.8888888888888888,"[(7.0, 8.0)]",1.5,True,19.06098222634364,35.526858725537245
12.899999999999999,0.00035,0.00033,"[4.0, 8.0]",45.10509456242457,8.0,37.21915682525543,38.44622315708363,16.659503551709786,5.186259107705338,1.0,1.0,1.0,"[(7.5, 8.0)]",1.0,True,28.445591010714782,45.10509456242457
13.099999999999998,0.00025,0.00033,"[4.0, 8.0]",40.34127078459896,4.5,33.514937118210455,34.64211705753726,17.598797375767997,5.525744694684665,1.0,1.0,1.0,"[(4.5, 4.5), (6.0, 6.0), (7.5, 7.5)]",1.5,True,22.742473408830964,40.34127078459896
13.099999999999998,0.0003,0.00028,"[4.0, 8.0]",37.894522925896965,8.0,29.937009720755157,30.09866228710647,17.7229494457425,5.018794088285634,1.0,1.0,1.0,"[(4.5, 4.5), (8.0, 8.0)]",1.0,True,20.171573480154464,37.894522925896965
12.6,0.00035,0.00033,"[4.0, 8.0]",44.69098714452456,8.0,36.0305423181656,37.52782839628294,17.943454599277416,6.377572635806192,1.0,1.0,1.0,"[(7.5, 8.0)]",1.0,True,26.747532545247147,44.69098714452456
12.6,0.0003,0.00033,"[4.0, 8.0]",42.62807417432324,7.5,34.7280894802057,37.000601552583184,18.17189981446109,5.701059136725955,1.0,1.0,1.0,"[(7.5, 7.5)]",0.5,True,24.45617435986215,42.62807417432324
12.899999999999999,0.00035,0.00028,"[4.0, 8.0]",40.04431795622787,7.5,32.04018150892796,31.733840447277885,18.94898905234331,5.439918969345864,1.0,1.0,1.0,"[(7.5, 7.5)]",0.5,True,21.09532890388456,40.04431795622787
12.899999999999999,0.00039999999999999996,0.00033,"[4.0, 8.0]",43.768234173256914,7.5,33.58512366465723,34.55880071959167,21.31065784676918,7.098677611559781,1.0,1.0,1.0,"[(5.5, 5.5), (7.5, 7.5)]",1.0,True,22.457576326487736,43.768234173256914
12.7,0.00039999999999999996,0.00028,"[4.0, 8.0]",42.400462490332835,7.5,30.675223790462343,29.680200088274674,24.964688762573132,7.333663085167707,1.0,1.0,0.8888888888888888,"[(5.5, 5.5), (7.5, 7.5)]",1.0,True,17.435773727759702,42.400462490332835
12.899999999999999,0.0003,0.00033,"[4.0, 8.0]",43.98761296257787,6.5,34.41512652294779,39.0722882612019,27.057517661134234,8.952026720756026,1.0,0.8888888888888888,0.8888888888888888,"[(6.0, 6.5), (8.0, 8.0)]",1.5,True,16.930095301443636,43.98761296257787
12.799999999999999,0.0003,0.00017999999999999998,"[4.0, 8.0]",34.72020571944419,6.5,25.00526900655477,25.52717215350844,17.956462756113957,4.875080752742206,1.0,0.8888888888888888,0.8888888888888888,"[(6.5, 6.5)]",0.5,True,16.76374296333023,34.72020571944419
12.899999999999999,0.00025,0.00017999999999999998,"[4.0, 8.0]",32.774718129694506,7.0,25.46955940024503,25.738673686884358,16.085850982003453,5.713794023723544,1.0,0.8888888888888888,0.7777777777777778,"[(6.0, 6.0), (7.0, 7.5)]",1.5,True,16.688867147691052,32.774718129694506
12.6,0.00035,0.00028,"[4.0, 8.0]",37.129624934298285,7.5,29.338236635597266,31.481630359892478,22.07305092125293,7.114819426126779,1.0,0.8888888888888888,0.7777777777777778,"[(7.5, 8.0)]",1.0,True,15.056574013045356,37.129624934298285
12.999999999999998,0.00039999999999999996,0.00033,"[4.0, 8.0]",41.289225834958046,8.0,31.299335667761486,33.781649674282065,30.518693561774217,8.848980295006863,0.8888888888888888,0.8888888888888888,0.8888888888888888,"[(6.0, 6.0), (8.0, 8.0)]",1.0,True,10.770532273183829,41.289225834958046
12.799999999999999,0.00025,0.00022999999999999998,"[4.0, 8.0]",37.61049864861158,6.0,28.88993811827086,32.72052478287123,34.308029792424215,10.453397048980891,0.8888888888888888,0.8888888888888888,0.7777777777777778,"[(4.5, 4.5), (6.0, 6.0)]",1.0,True,3.3024688561873643,37.61049864861158
12.6,0.0003,0.00017999999999999998,"[4.0, 8.0]",35.30531615978433,6.5,26.42634286722187,29.009202683899634,32.22836149248891,9.193485236766694,0.8888888888888888,0.8888888888888888,0.8888888888888888,"[(6.5, 6.5), (7.5, 8.0)]",1.5,True,3.076954667295424,35.30531615978433
13.099999999999998,0.00039999999999999996,0.00022999999999999998,"[4.0, 8.0]",37.16447807315439,6.5,27.86025043192572,30.77961885722495,34.654897617877154,9.770337646895323,0.8888888888888888,0.8888888888888888,0.8888888888888888,"[(6.5, 6.5), (7.5, 8.0)]",1.5,True,2.509580455277237,37.16447807315439
12.899999999999999,0.00025,0.00022999999999999998,"[4.0, 8.0]",40.136459374572894,7.5,31.479453226468145,33.418517620215674,37.977695043446,10.878724787815756,0.8888888888888888,0.8888888888888888,0.8888888888888888,"[(6.5, 6.5), (7.5, 8.0)]",1.5,True,2.1587643311268954,40.136459374572894
13.099999999999998,0.00035,0.00028,"[4.0, 8.0]",40.207446826522684,6.5,29.008815426768592,33.57848843224405,38.267074013252525,10.811176344588581,0.8888888888888888,0.8888888888888888,0.8888888888888888,"[(6.5, 6.5)]",0.5,True,1.940372813270161,40.207446826522684
12.899999999999999,0.0003,0.00017999999999999998,"[4.0, 8.0]",34.638230972067625,6.0,23.92456026946238,26.799653776895273,32.88828150383426,9.258403793884618,0.8888888888888888,0.8888888888888888,0.6666666666666666,"[(6.0, 6.0)]",0.5,True,1.749949468233366,34.638230972067625
13.099999999999998,0.0003,0.00033,"[4.0, 8.0]",40.537449441162714,8.0,29.846650841811865,34.72832900121442,38.815719939302674,11.15326260418985,0.8888888888888888,0.8888888888888888,0.8888888888888888,"[(8.0, 8.0)]",0.5,True,1.721729501860041,40.537449441162714
12.7,0.00025,0.00022999999999999998,"[4.0, 8.0]",33.775995912831306,5.5,26.804183295448762,31.488418329420167,33.55575300406509,10.438109904085636,0.8888888888888888,0.8888888888888888,0.7777777777777778,"[(4.5, 4.5), (5.5, 6.5), (8.0, 8.0)]",2.5,True,0.22024290876621347,33.775995912831306
12.6,0.00025,0.00022999999999999998,"[4.0, 8.0]",38.028164469288996,8.0,27.640686133204028,30.452466569923796,38.051462215991556,11.122508360138644,0.8888888888888888,0.8888888888888888,0.8888888888888888,"[(5.5, 5.5), (8.0, 8.0)]",1.0,True,-0.023297746702560674,38.028164469288996
12.999999999999998,0.00025,0.00033,"[4.0, 8.0]",41.548531897169745,6.5,31.011018117761207,34.83165030779976,41.9510639797254,12.088587500171037,0.8888888888888888,0.8888888888888888,0.8888888888888888,"[(6.0, 6.5)]",1.0,True,-0.4025320825556552,41.548531897169745
12.7,0.0003,0.00033,"[4.0, 8.0]",43.65509217640121,7.5,30.649827898909635,35.04873196451523,32.56408997184626,11.449467424407903,0.7777777777777778,0.7777777777777778,0.7777777777777778,"[(7.5, 8.0)]",1.0,True,11.091002204554952,43.65509217640121
12.999999999999998,0.00039999999999999996,0.00017999999999999998,"[4.0, 8.0]",28.98096875290111,6.5,19.801629887597127,20.820968546430052,26.41361517929107,7.940548454721743,0.7777777777777778,0.7777777777777778,0.5555555555555556,"[(6.0, 6.5)]",1.0,True,2.5673535736100366,28.98096875290111
12.999999999999998,0.0003,0.00028,"[4.0, 8.0]",40.527264021458926,7.5,25.716742844816274,27.35908627820733,38.505335807428956,12.932863454018975,0.7777777777777778,0.7777777777777778,0.7777777777777778,"[(7.5, 7.5)]",0.5,True,2.0219282140299715,40.527264021458926
12.7,0.00035,0.00017999999999999998,"[4.0, 8.0]",34.22491703950638,8.0,23.88552672582334,25.914667443612377,32.867530336118804,10.058799616925617,0.7777777777777778,0.7777777777777778,0.7777777777777778,"[(6.5, 6.5), (8.0, 8.0)]",1.0,True,1.3573867033875742,34.22491703950638
12.899999999999999,0.00035,0.00017999999999999998,"[4.0, 8.0]",35.62487324747015,8.0,22.222077007998806,26.05178631838012,34.36519965871007,10.900308075935422,0.7777777777777778,0.7777777777777778,0.7777777777777778,"[(8.0, 8.0)]",0.5,True,1.259673588760082,35.62487324747015
12.799999999999999,0.00025,0.00028,"[4.0, 8.0]",42.75343034836607,6.5,27.68485961915327,30.836869604186596,42.13153576833797,14.549557741968217,0.7777777777777778,0.7777777777777778,0.7777777777777778,"[(6.0, 6.5)]",1.0,True,0.6218945800280968,42.75343034836607
12.999999999999998,0.00035,0.00022999999999999998,"[4.0, 8.0]",37.630191115178285,7.5,25.514834163018886,32.32412000489302,37.120911062139385,12.626364803157404,0.7777777777777778,0.7777777777777778,0.7777777777777778,"[(6.5, 6.5), (7.5, 7.5)]",1.0,True,0.5092800530388977,37.630191115178285
12.799999999999999,0.00035,0.00017999999999999998,"[4.0, 8.0]",34.10689892392001,8.0,21.526639592100334,25.0335183122913,34.19543588298746,9.180464183624231,0.7777777777777778,0.7777777777777778,0.6666666666666666,"[(8.0, 8.0)]",0.5,True,-0.08853695906744925,34.10689892392001
12.899999999999999,0.00025,0.00028,"[4.0, 8.0]",43.089911926315025,7.5,27.533612855151496,33.93417252314548,43.400305940476564,15.213791074923579,0.7777777777777778,0.7777777777777778,0.6666666666666666,"[(7.5, 7.5)]",0.5,True,-0.310394014161537,43.089911926315025
12.799999999999999,0.00025,0.00017999999999999998,"[4.0, 8.0]",33.038157090007395,8.0,21.038924007924283,24.43378325170665,31.267480696840252,11.250345666115601,0.6666666666666666,0.6666666666666666,0.6666666666666666,"[(4.5, 5.0), (7.5, 8.0)]",2.0,True,1.7706763931671414,33.038157090007395
12.7,0.00025,0.00028,"[4.0, 8.0]",41.53671083791315,6.5,23.77331506561876,27.50432232259479,40.613072135832354,14.693721554512251,0.6666666666666666,0.6666666666666666,0.5555555555555556,"[(5.0, 5.0), (6.5, 6.5)]",1.0,True,0.9236387020807962,41.53671083791315
12.799999999999999,0.0003,0.00022999999999999998,"[4.0, 8.0]",37.90209725160513,6.0,22.166338367259925,25.413336434637795,37.48776547207688,12.941106529963252,0.6666666666666666,0.6666666666666666,0.6666666666666666,"[(6.0, 6.0)]",0.5,True,0.41433177952824674,37.90209725160513
12.899999999999999,0.0003,0.00022999999999999998,"[4.0, 8.0]",34.60014565083193,6.5,17.818953882330327,21.727854139932,43.7084297147774,15.422676898469911,0.6666666666666666,0.6666666666666666,0.6666666666666666,"[(6.0, 6.5)]",1.0,True,-9.108284063945476,34.60014565083193
12.6,0.00035,0.00017999999999999998,"[4.0, 8.0]",35.66267038914157,6.5,19.566034479240418,27.699159197658304,47.25513166935817,16.26076163287189,0.6666666666666666,0.6666666666666666,0.6666666666666666,"[(6.5, 6.5), (7.5, 7.5)]",1.0,True,-11.592461280216606,35.66267038914157
12.7,0.0003,0.00022999999999999998,"[4.0, 8.0]",35.05154215624731,6.5,20.33403842086087,30.100729354475444,46.70158030019661,17.18126138429945,0.6666666666666666,0.6666666666666666,0.6666666666666666,"[(5.0, 5.0), (6.5, 7.5)]",2.0,True,-11.650038143949304,35.05154215624731
12.999999999999998,0.00035,0.00017999999999999998,"[4.0, 8.0]",26.48863399352163,7.0,19.551557924486964,18.068711420169517,12.733716073730722,4.755890262294443,0.8888888888888888,0.5555555555555556,0.4444444444444444,"[(6.0, 6.0), (7.0, 7.5)]",1.5,True,13.754917919790909,26.48863399352163
13.099999999999998,0.00039999999999999996,0.00017999999999999998,"[4.0, 8.0]",28.742557904053378,4.0,15.321430952842364,17.153615663908674,26.316996304533596,7.490739303393259,0.5555555555555556,0.5555555555555556,0.2222222222222222,"[(4.0, 4.0)]",0.5,True,2.42556159951978,28.742557904053378
12.799999999999999,0.00039999999999999996,0.00017999999999999998,"[4.0, 8.0]",32.57330749502116,5.5,17.879700332881548,28.20006676577632,33.36574582339181,15.164900281404803,0.5555555555555556,0.5555555555555556,0.5555555555555556,"[(5.5, 6.5), (7.5, 7.5)]",2.0,True,-0.7924383283706525,32.57330749502116
12.6,0.00025,0.00028,"[4.0, 8.0]",37.6696297602425,6.5,18.30158662274302,20.952157543386896,44.00763593249793,15.09079513616044,0.5555555555555556,0.5555555555555556,0.5555555555555556,"[(6.5, 7.0)]",1.0,True,-6.338006172255427,37.6696297602425
12.7,0.00025,0.00017999999999999998,"[4.0, 8.0]",32.12662224390576,8.0,17.713554764292738,19.261318536330055,42.10794144346974,13.28404204505716,0.6666666666666666,0.5555555555555556,0.4444444444444444,"[(4.5, 4.5), (8.0, 8.0)]",1.0,True,-9.981319199563982,32.12662224390576
12.999999999999998,0.00039999999999999996,0.00022999999999999998,"[4.0, 8.0]",33.126547085781446,6.5,12.888656688552024,18.132400858502237,43.49414661827392,14.027554113081623,0.5555555555555556,0.5555555555555556,0.4444444444444444,"[(6.5, 6.5)]",0.5,True,-10.367599532492475,33.126547085781446
12.7,0.00039999999999999996,0.00017999999999999998,"[4.0, 8.0]",33.68997419441662,6.5,13.681309756023378,20.98445631058808,63.60734818929779,21.206657801935233,0.5555555555555556,0.5555555555555556,0.5555555555555556,"[(5.5, 7.0)]",2.0,True,-29.917373994881167,33.68997419441662
12.799999999999999,0.00035,0.00028,"[4.0, 8.0]",33.397855353062994,4.0,13.26988695045463,5.267687118430877,33.44059176649764,12.792624736859793,0.4444444444444444,0.4444444444444444,0.3333333333333333,"[(4.0, 4.0)]",0.5,True,-0.04273641343464852,33.397855353062994
12.6,0.0003,0.00022999999999999998,"[4.0, 8.0]",38.86851675470864,5.5,17.478314390651164,8.547389162902451,39.86315248887872,17.122499459101167,0.4444444444444444,0.4444444444444444,0.4444444444444444,"[(5.5, 5.5), (6.5, 6.5)]",1.0,True,-0.9946357341700791,38.86851675470864
13.099999999999998,0.00039999999999999996,0.00028,"[4.0, 8.0]",40.348880551965884,7.5,16.00101670577795,13.54303693565564,42.250471178352676,15.903932117572998,0.4444444444444444,0.4444444444444444,0.4444444444444444,"[(7.5, 7.5)]",0.5,True,-1.901590626386792,40.348880551965884
12.899999999999999,0.00025,0.00033,"[4.0, 8.0]",35.921584562941945,4.5,14.03155205498567,6.769960294037444,37.9595789368095,14.27795957093821,0.4444444444444444,0.4444444444444444,0.4444444444444444,"[(4.5, 4.5)]",0.5,True,-2.037994373867553,35.921584562941945
12.6,0.00025,0.00033,"[4.0, 8.0]",33.929422470288394,4.0,9.228335265216016,2.98441271871499,50.067282566743984,16.728008762220625,0.4444444444444444,0.4444444444444444,0.3333333333333333,"[(4.0, 4.0)]",0.5,True,-16.137860096455587,33.929422470288394
13.099999999999998,0.00035,0.00033,"[4.0, 8.0]",38.91521412751075,6.0,15.945377786411399,14.703327556200305,39.76442852632461,15.434813188640153,0.4444444444444444,0.3333333333333333,0.3333333333333333,"[(6.0, 6.0)]",0.5,True,-0.8492143988138563,38.91521412751075
12.899999999999999,0.00039999999999999996,0.00017999999999999998,"[4.0, 8.0]",36.20437675005259,6.0,13.05009480876384,1.948490477815401,37.763069499313424,15.536766274024263,0.3333333333333333,0.3333333333333333,0.3333333333333333,"[(6.0, 6.0), (7.0, 7.0)]",1.0,True,-1.5586927492608338,36.20437675005259
12.7,0.00035,0.00028,"[4.0, 8.0]",35.603327463441666,4.0,11.676610980370109,8.514109592621017,42.993617941248836,14.445081083221039,0.4444444444444444,0.3333333333333333,0.3333333333333333,"[(4.0, 4.0)]",0.5,True,-7.39029047780717,35.603327463441666
12.999999999999998,0.0003,0.00033,"[4.0, 8.0]",31.15959094832018,6.5,8.297460688828656,0.30140287701609747,39.94874985123363,14.54763254386851,0.3333333333333333,0.3333333333333333,0.3333333333333333,"[(6.5, 6.5)]",0.5,True,-8.78915890291345,31.15959094832018
12.6,0.00039999999999999996,0.00022999999999999998,"[4.0, 8.0]",26.620659417724234,8.0,7.6316779950281965,2.7426358727862925,35.587920299327884,11.154939300647039,0.3333333333333333,0.3333333333333333,0.1111111111111111,"[(8.0, 8.0)]",0.5,True,-8.96726088160365,26.620659417724234
12.7,0.00025,0.00033,"[4.0, 8.0]",40.35625294838596,6.5,10.668132820756671,2.146799258330738,54.40364879049275,17.97308364347355,0.3333333333333333,0.3333333333333333,0.3333333333333333,"[(6.5, 6.5)]",0.5,True,-14.047395842106798,40.35625294838596
12.999999999999998,0.0003,0.00017999999999999998,"[4.0, 8.0]",25.925459510998124,4.5,8.49114230828438,3.4988259638182946,25.30309774821628,8.517652773242038,0.2222222222222222,0.2222222222222222,0.1111111111111111,"[(4.5, 4.5)]",0.5,True,0.622361762781843,25.925459510998124
12.6,0.0003,0.00028,"[4.0, 8.0]",22.24788704452534,4.5,4.399344026118737,0.6295284259386742,26.402889067624635,8.681190634729345,0.2222222222222222,0.2222222222222222,0.1111111111111111,"[(4.5, 4.5)]",0.5,True,-4.155002023099298,22.24788704452534
12.799999999999999,0.00025,0.00033,"[4.0, 8.0]",41.25399942189948,6.5,9.39869322253085,2.768642846823484,47.643299853766216,14.893668578258357,0.2222222222222222,0.2222222222222222,0.2222222222222222,"[(6.5, 6.5)]",0.5,True,-6.389300431866738,41.25399942189948
12.6,0.00039999999999999996,0.00017999999999999998,"[4.0, 8.0]",31.26578782432658,6.5,3.945885089125161,-0.8124142493861595,47.42630911652714,14.827369615126882,0.2222222222222222,0.2222222222222222,0.2222222222222222,"[(6.0, 6.5)]",1.0,True,-16.160521292200563,31.26578782432658
13.099999999999998,0.00035,0.00017999999999999998,"[4.0, 8.0]",22.19472731570487,4.5,4.933336382703291,2.6726359541129345,23.780828709058593,7.073601835015775,0.1111111111111111,0.1111111111111111,0.1111111111111111,"[(4.5, 4.5)]",0.5,True,-1.5861013933537227,22.19472731570487
12.999999999999998,0.00025,0.00017999999999999998,"[4.0, 8.0]",25.985461096591056,4.0,3.183210675708139,-0.10646459349040022,28.29685056298552,8.255801870323875,0.1111111111111111,0.1111111111111111,0.1111111111111111,"[(4.0, 4.0)]",0.5,True,-2.3113894663944627,25.985461096591056
13.099999999999998,0.00025,0.00022999999999999998,"[4.0, 8.0]",25.80899505313887,4.0,6.143948360140416,4.607527719436058,29.43176097937993,8.6189296728986,0.1111111111111111,0.1111111111111111,0.1111111111111111,"[(4.0, 4.0)]",0.5,True,-3.622765926241061,25.80899505313887
12.999999999999998,0.00035,0.00033,"[4.0, 8.0]",28.925616703537646,4.0,4.7314411979079125,1.5166437251042388,32.93848823809284,9.168815177190355,0.1111111111111111,0.1111111111111111,0.1111111111111111,"[(4.0, 4.0)]",0.5,True,-4.01287153455519,28.925616703537646
13.099999999999998,0.0003,0.00017999999999999998,"[4.0, 8.0]",22.585596778997335,4.0,3.1031397060251504,1.3259869098721433,26.880583549322914,7.163598002354551,0.1111111111111111,0.1111111111111111,0.1111111111111111,"[(4.0, 4.0)]",0.5,True,-4.294986770325578,22.585596778997335
12.999999999999998,0.00035,0.00028,"[4.0, 8.0]",20.10602677787189,6.5,3.857580933187815,-0.5891823716170507,27.166190906560164,8.23726745120854,0.1111111111111111,0.1111111111111111,0.1111111111111111,"[(6.5, 6.5)]",0.5,True,-7.0601641286882755,20.10602677787189
12.899999999999999,0.0003,0.00028,"[4.0, 8.0]",24.688528268762653,4.0,1.771163448563016,0.654824222470532,33.77281340178037,8.791989018941408,0.1111111111111111,0.1111111111111111,0.1111111111111111,"[(4.0, 4.0)]",0.5,True,-9.084285133017712,24.688528268762653
13.299999999999997,0.00025,0.00033,"[4.0, 8.0]",9.676178047472751,4.5,7.710517195470298,8.267059392828191,4.360781902803554,1.370225821984135,0.0,0.0,0.0,"[(4.0, 6.5), (7.5, 7.5)]",3.5,True,5.315396144669197,9.676178047472751
13.299999999999997,0.0003,0.00033,"[4.0, 8.0]",7.501896829230122,4.5,5.941442185297422,6.19775738062604,3.957990332563589,1.2932562612771552,0.0,0.0,0.0,"[(4.0, 6.5), (7.5, 7.5)]",3.5,True,3.5439064966665335,7.501896829230122
13.199999999999998,0.00035,0.00033,"[4.0, 8.0]",6.772384786030758,4.5,5.434528312002438,5.630352516293544,3.418674297218584,1.0355075036136827,0.0,0.0,0.0,"[(4.0, 7.5)]",4.0,True,3.3537104888121743,6.772384786030758
13.199999999999998,0.00039999999999999996,0.00033,"[4.0, 8.0]",6.183289641696477,6.5,4.797628506303175,4.824225768918612,2.9271550584943915,0.8479538550302878,0.0,0.0,0.0,"[(4.0, 8.0)]",4.5,True,3.256134583202085,6.183289641696477
13.299999999999997,0.00025,0.00028,"[4.0, 8.0]",6.789209135839169,4.5,4.72565474661066,5.007633497107929,4.476720644217714,1.3775173274471806,0.0,0.0,0.0,"[(4.0, 6.5), (7.5, 7.5)]",3.5,True,2.3124884916214548,6.789209135839169
13.199999999999998,0.0003,0.00033,"[4.0, 8.0]",7.841662044138773,4.0,5.323642901692711,5.342959370987018,5.666153663931451,1.5991351664793056,0.0,0.0,0.0,"[(4.0, 6.5), (7.5, 7.5)]",3.5,True,2.1755083802073223,7.841662044138773
13.299999999999997,0.0003,0.00028,"[4.0, 8.0]",6.336141262770662,4.5,4.442305022348708,4.7594087426129565,4.192134363493185,1.2790280175082973,0.0,0.0,0.0,"[(4.0, 6.5), (7.5, 7.5)]",3.5,True,2.1440068992774766,6.336141262770662
13.199999999999998,0.00039999999999999996,0.00028,"[4.0, 8.0]",5.546500517325061,4.5,3.9154377748776037,4.117367381368458,3.471939298498488,1.1445998415793113,0.0,0.0,0.0,"[(4.0, 6.5), (7.5, 7.5)]",3.5,True,2.074561218826573,5.546500517325061
13.299999999999997,0.00035,0.00028,"[4.0, 8.0]",5.7821194050847,4.5,4.1432131848644875,4.471445470636483,3.822361405385463,1.1774475583806205,0.0,0.0,0.0,"[(4.0, 6.5), (7.5, 7.5)]",3.5,True,1.959757999699237,5.7821194050847
13.299999999999997,0.00039999999999999996,0.00028,"[4.0, 8.0]",5.0786942189531326,4.5,3.769033798449241,4.058483197643662,3.4285828023890335,1.0905888528980359,0.0,0.0,0.0,"[(4.0, 7.5)]",4.0,True,1.650111416564099,5.0786942189531326
13.299999999999997,0.00035,0.00033,"[4.0, 8.0]",5.579093185521241,5.5,3.999685353970866,4.417414567171504,4.134759472670179,1.2906949826372103,0.0,0.0,0.0,"[(4.0, 6.5), (7.5, 7.5)]",3.5,True,1.4443337128510616,5.579093185521241
13.199999999999998,0.00035,0.00028,"[4.0, 8.0]",5.784722367057311,4.0,3.4331469174041795,3.4087391321267524,4.775345639060319,1.5101597429814613,0.0,0.0,0.0,"[(4.0, 4.5), (5.5, 6.5), (7.5, 7.5)]",3.0,True,1.0093767279969925,5.784722367057311
13.299999999999997,0.00039999999999999996,0.00022999999999999998,"[4.0, 8.0]",4.704443224005944,4.5,2.9523999011165656,3.0640571148836693,3.860501878673737,1.16916602101911,0.0,0.0,0.0,"[(4.0, 6.5), (7.5, 7.5)]",3.5,True,0.843941345332207,4.704443224005944
13.199999999999998,0.00025,0.00033,"[4.0, 8.0]",8.52473438717663,4.0,4.581668088272632,4.345284187737436,7.887568631896617,2.143013059874352,0.0,0.0,0.0,"[(4.0, 4.5)]",1.0,True,0.6371657552800145,8.52473438717663
13.299999999999997,0.00035,0.00022999999999999998,"[4.0, 8.0]",4.557742174511446,4.5,2.729388290520926,2.7905198455615294,4.000450148862029,1.2186298329262595,0.0,0.0,0.0,"[(4.0, 6.5), (7.5, 7.5)]",3.5,True,0.5572920256494176,4.557742174511446
13.299999999999997,0.0003,0.00022999999999999998,"[4.0, 8.0]",4.326590536123847,4.5,2.4998962377099874,2.4950533107428265,4.0123012907626965,1.2421580116396722,0.0,0.0,0.0,"[(4.0, 6.5), (7.5, 7.5)]",3.5,True,0.31428924536115077,4.326590536123847
13.299999999999997,0.00025,0.00022999999999999998,"[4.0, 8.0]",4.066959952396898,4.5,2.3058679325463998,2.2633061223583115,3.912802476129481,1.2418007746687691,0.0,0.0,0.0,"[(4.0, 6.5), (7.5, 7.5)]",3.5,True,0.154157476267417,4.066959952396898
13.199999999999998,0.00039999999999999996,0.00022999999999999998,"[4.0, 8.0]",3.881588115927789,4.0,1.7515785997543245,1.5611943611374186,4.339495623802286,1.3989051616102597,0.0,0.0,0.0,"[(4.0, 6.5), (7.5, 7.5)]",3.5,True,-0.457907507874497,3.881588115927789
13.199999999999998,0.00025,0.00028,"[4.0, 8.0]",4.806190966715443,4.0,1.6191970031337553,1.1997937372170484,5.371985914784502,1.6166146517255993,0.0,0.0,0.0,"[(4.0, 4.5), (5.5, 5.5)]",1.5,True,-0.5657949480690592,4.806190966715443
13.199999999999998,0.0003,0.00028,"[4.0, 8.0]",5.598153628475538,4.0,2.5496548216617323,2.3596528137839696,6.1792633728652016,1.8025991187967159,0.0,0.0,0.0,"[(4.0, 4.5), (5.5, 5.5), (7.5, 7.5)]",2.0,True,-0.5811097443896635,5.598153628475538
13.299999999999997,0.00039999999999999996,0.00017999999999999998,"[4.0, 8.0]",3.109457520100898,4.5,1.4523176708933514,1.4205059729077023,3.7074865579836103,1.1498437132857429,0.0,0.0,0.0,"[(4.0, 6.5), (7.5, 7.5)]",3.5,True,-0.5980290378827126,3.109457520100898
13.299999999999997,0.00035,0.00017999999999999998,"[4.0, 8.0]",2.733603056621006,4.5,1.185040800187646,1.1587181059989982,3.512734907575469,1.1115722095272635,0.0,0.0,0.0,"[(4.0, 6.5), (7.5, 7.5)]",3.5,True,-0.7791318509544627,2.733603056621006
13.299999999999997,0.0003,0.00017999999999999998,"[4.0, 8.0]",2.3853912380873994,4.0,0.9593018575493502,0.9279931813050081,3.261483857100398,1.0517634526931248,0.0,0.0,0.0,"[(4.0, 7.5)]",4.0,True,-0.8760926190129987,2.3853912380873994
13.299999999999997,0.00025,0.00017999999999999998,"[4.0, 8.0]",2.1575749380256912,4.0,0.7832240557926844,0.7346143268748013,3.063044264974009,0.9783675483078718,0.0,0.0,0.0,"[(4.0, 7.5)]",4.0,True,-0.9054693269483178,2.1575749380256912
13.199999999999998,0.00025,0.00017999999999999998,"[4.0, 8.0]",1.0018468963402725,4.5,-0.035065332669031966,0.047189494891944496,1.9243637070184594,0.6194332095584475,0.0,0.0,0.0,"[(4.0, 8.0)]",4.5,True,-0.9225168106781869,1.0018468963402725
13.199999999999998,0.00025,0.00022999999999999998,"[4.0, 8.0]",1.4445249034486243,4.0,0.15797729764572704,0.21421552055445997,2.3963100827876307,0.7659436667555531,0.0,0.0,0.0,"[(4.0, 8.0)]",4.5,True,-0.9517851793390064,1.4445249034486243
13.399999999999997,0.00025,0.00017999999999999998,"[4.0, 8.0]",0.6143131417679963,4.5,-0.13891468275389007,-0.015290482793424057,1.7139020835773184,0.5642801945927818,0.0,0.0,0.0,"[(4.0, 8.0)]",4.5,True,-1.099588941809322,0.6143131417679963
13.399999999999997,0.00039999999999999996,0.00033,"[4.0, 8.0]",1.7379097343722696,4.5,0.5543999145067255,0.5805852102076546,2.84350758762138,0.8372783438551574,0.0,0.0,0.0,"[(4.0, 8.0)]",4.5,True,-1.1055978532491102,1.7379097343722696
13.399999999999997,0.0003,0.00017999999999999998,"[4.0, 8.0]",0.6290257797812515,4.5,-0.16017845829311994,-0.015527562011502773,1.825908511810594,0.5845117625741723,0.0,0.0,0.0,"[(4.0, 8.0)]",4.5,True,-1.1968827320293425,0.6290257797812515
13.199999999999998,0.0003,0.00017999999999999998,"[4.0, 8.0]",1.1178161001213098,4.5,-0.014059218859849867,0.10730761041077674,2.326596006683978,0.7220641061264811,0.0,0.0,0.0,"[(4.0, 8.0)]",4.5,True,-1.2087799065626683,1.1178161001213098
13.399999999999997,0.00025,0.00022999999999999998,"[4.0, 8.0]",0.6680512176486408,4.5,-0.15440490585131894,0.008379945193971635,1.926715974746398,0.6041649921641827,0.0,0.0,0.0,"[(4.0, 8.0)]",4.5,True,-1.2586647570977572,0.6680512176486408
13.399999999999997,0.00035,0.00017999999999999998,"[4.0, 8.0]",0.6513785587521946,4.5,-0.17496167448850222,-0.00990756804652618,1.9366625577685022,0.606289471297629,0.0,0.0,0.0,"[(4.0, 8.0)]",4.5,True,-1.2852839990163076,0.6513785587521946
13.399999999999997,0.00035,0.00033,"[4.0, 8.0]",1.4419077722188425,4.5,0.2929111857885618,0.3544108333023067,2.785958257708439,0.818322290687662,0.0,0.0,0.0,"[(4.0, 8.0)]",4.5,True,-1.3440504854895965,1.4419077722188425
13.399999999999997,0.00039999999999999996,0.00017999999999999998,"[4.0, 8.0]",0.6828085061071292,4.5,-0.18050902833621946,0.0035184861723096482,2.042009150082345,0.6285752186443226,0.0,0.0,0.0,"[(4.0, 8.0)]",4.5,True,-1.3592006439752156,0.6828085061071292
13.299999999999997,0.00039999999999999996,0.00033,"[4.0, 8.0]",3.641655074445538,5.5,1.8261485901263426,2.3402448638740934,5.008133298691746,1.4551771815612304,0.0,0.0,0.0,"[(4.0, 6.5), (7.5, 7.5)]",3.5,True,-1.3664782242462086,3.641655074445538
13.399999999999997,0.0003,0.00022999999999999998,"[4.0, 8.0]",0.7127929225550704,4.5,-0.16268281818402336,0.02808736592508347,2.0805628915574266,0.6367369488749801,0.0,0.0,0.0,"[(4.0, 8.0)]",4.5,True,-1.367769969002356,0.7127929225550704
13.399999999999997,0.00025,0.00028,"[4.0, 8.0]",0.7833020185335365,4.5,-0.12843405467304161,0.08071392720592732,2.186867437753026,0.6606832604165469,0.0,0.0,0.0,"[(4.0, 8.0)]",4.5,True,-1.4035654192194897,0.7833020185335365
13.399999999999997,0.00039999999999999996,0.00028,"[4.0, 8.0]",1.205273941412472,4.5,0.11716246920841566,0.24682018496821728,2.6235148736855907,0.7737215942787797,0.0,0.0,0.0,"[(4.0, 8.0)]",4.5,True,-1.4182409322731186,1.205273941412472
13.399999999999997,0.00035,0.00022999999999999998,"[4.0, 8.0]",0.7774220372046957,4.5,-0.14958265962464867,0.06592005617796075,2.2208962984676814,0.6690787592144309,0.0,0.0,0.0,"[(4.0, 8.0)]",4.5,True,-1.4434742612629858,0.7774220372046957
13.399999999999997,0.0003,0.00033,"[4.0, 8.0]",1.19172092143656,4.5,0.0976809948546433,0.21788721840311098,2.6688659521594085,0.783833162208164,0.0,0.0,0.0,"[(4.0, 8.0)]",4.5,True,-1.4771450307228484,1.19172092143656
13.399999999999997,0.00039999999999999996,0.00022999999999999998,"[4.0, 8.0]",0.8637169746324826,4.5,-0.11103625908901722,0.1251471361619397,2.342473847982925,0.699131626039861,0.0,0.0,0.0,"[(4.0, 8.0)]",4.5,True,-1.4787568733504424,0.8637169746324826
13.399999999999997,0.0003,0.00028,"[4.0, 8.0]",0.8866834182710642,4.5,-0.09291128455095604,0.14822211095362572,2.3688454719474987,0.7048401408845335,0.0,0.0,0.0,"[(4.0, 8.0)]",4.5,True,-1.4821620536764344,0.8866834182710642
13.399999999999997,0.00035,0.00028,"[4.0, 8.0]",1.0277001562761159,4.5,-0.011697833090613056,0.16973468424291063,2.515675827940006,0.7433868915734935,0.0,0.0,0.0,"[(4.0, 8.0)]",4.5,True,-1.48797567166389,1.0277001562761159
13.399999999999997,0.00025,0.00033,"[4.0, 8.0]",0.9960017414356342,4.5,-0.024040008517550455,0.17784722841977652,2.4874975384654165,0.7345516986475968,0.0,0.0,0.0,"[(4.0, 8.0)]",4.5,True,-1.4914957970297822,0.9960017414356342
13.199999999999998,0.00035,0.00022999999999999998,"[4.0, 8.0]",3.1533687578123635,4.0,0.9825588175652658,1.2109291471435288,4.877246357543056,1.4484496585871838,0.0,0.0,0.0,"[(4.0, 6.5), (7.5, 7.5)]",3.5,True,-1.723877599730693,3.1533687578123635
13.199999999999998,0.0003,0.00022999999999999998,"[4.0, 8.0]",2.215426501632167,4.0,0.38717355702389017,0.445778607757371,4.322859560373696,1.1979405783572403,0.0,0.0,0.0,"[(4.0, 7.5)]",4.0,True,-2.1074330587415293,2.215426501632167
13.199999999999998,0.00035,0.00017999999999999998,"[4.0, 8.0]",1.1414736097460745,4.0,-0.07764844415516617,-0.015404074410015673,3.655842982343897,1.025159594022155,0.0,0.0,0.0,"[(4.0, 7.5)]",4.0,True,-2.5143693725978227,1.1414736097460745
12.7,0.00035,0.00022999999999999998,"[4.0, 8.0]",3.1777910793123003,4.0,0.6311241949349077,0.3297693713745486,6.050742705948627,1.9348544564325334,0.0,0.0,0.0,"[(4.0, 4.5), (6.0, 6.5), (7.5, 7.5)]",2.5,True,-2.872951626636327,3.1777910793123003
13.199999999999998,0.00039999999999999996,0.00017999999999999998,"[4.0, 8.0]",1.394256980380778,4.0,-0.013271578729421208,0.26821305742194035,4.569967067044823,1.292812995811633,0.0,0.0,0.0,"[(4.0, 7.5)]",4.0,True,-3.1757100866640453,1.394256980380778
12.6,0.00035,0.00022999999999999998,"[4.0, 8.0]",1.1557781225428427,4.5,-0.8729034801081134,-0.8080123580139214,5.064741290278034,1.5820251833693244,0.0,0.0,0.0,"[(4.0, 6.0), (7.0, 7.5)]",3.5,True,-3.9089631677351915,1.1557781225428427
12.799999999999999,0.00039999999999999996,0.00022999999999999998,"[4.0, 8.0]",1.9111430106638705,4.0,-0.408476206670793,-0.6451642226807207,6.2921530029775585,2.0185235706307796,0.0,0.0,0.0,"[(4.0, 4.0), (5.5, 6.5), (8.0, 8.0)]",2.5,True,-4.381009992313688,1.9111430106638705
12.899999999999999,0.00039999999999999996,0.00022999999999999998,"[4.0, 8.0]",14.538216489613147,4.0,4.069720105517161,1.918197561184329,19.494282669150593,5.951926751061606,0.0,0.0,0.0,"[(4.0, 4.5)]",1.0,True,-4.956066179537447,14.538216489613147
13.099999999999998,0.00025,0.00017999999999999998,"[4.0, 8.0]",3.0011879323533037,4.0,-0.5050681353832349,-0.0656128180390607,9.068415306742976,2.366998152695452,0.0,0.0,0.0,"[(4.0, 4.5), (5.5, 6.0)]",2.0,True,-6.067227374389672,3.0011879323533037
12.899999999999999,0.00035,0.00022999999999999998,"[4.0, 8.0]",4.627376288325797,4.0,-0.8236838558244313,-0.8770989758999082,10.756977572772428,3.0093417512526095,0.0,0.0,0.0,"[(4.0, 4.5)]",1.0,True,-6.129601284446631,4.627376288325797
12.799999999999999,0.0003,0.00028,"[4.0, 8.0]",2.2742905297444866,4.5,-1.27135161215986,-0.4588635780910324,8.54969722385504,2.582760865536406,0.0,0.0,0.0,"[(4.0, 5.0), (6.5, 7.0)]",2.5,True,-6.275406694110552,2.2742905297444866
12.7,0.0003,0.00028,"[4.0, 8.0]",2.2463405569741717,4.0,-0.09218590099090197,1.051158845068119,8.679255712581273,2.5227647482273925,0.0,0.0,0.0,"[(4.0, 6.5)]",3.0,True,-6.432915155607101,2.2463405569741717
12.999999999999998,0.00039999999999999996,0.00028,"[4.0, 8.0]",4.908579146230971,4.0,-0.642807887176208,0.03129947591139886,12.020442977561487,3.2359392220134846,0.0,0.0,0.0,"[(4.0, 4.0), (5.5, 5.5)]",1.0,True,-7.111863831330515,4.908579146230971
12.799999999999999,0.00035,0.00022999999999999998,"[4.0, 8.0]",3.721653875209933,6.0,-0.29992932271176287,1.0813211281285708,11.270019294665584,3.272090107485625,0.0,0.0,0.0,"[(4.0, 4.5), (5.5, 6.5)]",2.5,True,-7.548365419455651,3.721653875209933
12.7,0.00039999999999999996,0.00022999999999999998,"[4.0, 8.0]",11.299425942626177,4.0,0.3640344572812487,-0.026949205393501926,19.38587657254773,5.244356299207267,0.0,0.0,0.0,"[(4.0, 4.0)]",0.5,True,-8.086450629921554,11.299425942626177
13.099999999999998,0.00039999999999999996,0.00033,"[4.0, 8.0]",3.4151776344365503,4.5,-3.3535579764709276,-2.997866169836685,15.725979911804544,4.822747981322605,0.0,0.0,0.0,"[(4.5, 4.5), (5.5, 5.5), (7.5, 7.5)]",1.5,True,-12.310802277367994,3.4151776344365503
