gamma_dB,dG_dB_eta_1,dG_dB_eta_0.5
-20,nan,4.7712125472
-19.9749373434,nan,4.80479097719
-19.9498746867,nan,4.83869595942
-19.9248120301,nan,4.87293275638
-19.8997493734,nan,4.90750676416
-19.8746867168,nan,4.94242351706
-19.8496240602,nan,4.97768869248
-19.8245614035,nan,5.0133081159
-19.7994987469,nan,5.04928776621
-19.7744360902,nan,5.08563378117
-19.7493734336,nan,5.12235246318
-19.7243107769,nan,5.15945028532
-19.6992481203,nan,5.1969338976
-19.6741854637,nan,5.23481013359
-19.649122807,nan,5.2730860173
-19.6240601504,nan,5.3117687704
-19.5989974937,nan,5.35086581979
-19.5739348371,nan,5.39038480554
-19.5488721805,nan,5.43033358921
-19.5238095238,nan,5.47072026258
-19.4987468672,nan,5.51155315681
-19.4736842105,nan,5.55284085208
-19.4486215539,nan,5.59459218768
-19.4235588972,nan,5.63681627266
-19.3984962406,nan,5.67952249702
-19.373433584,nan,5.72272054345
-19.3483709273,nan,5.76642039974
-19.3233082707,nan,5.81063237181
-19.298245614,nan,5.85536709752
-19.2731829574,nan,5.9006355611
-19.2481203008,nan,5.9464491085
-19.2230576441,nan,5.99281946359
-19.1979949875,nan,6.03975874513
-19.1729323308,nan,6.08727948494
-19.1478696742,nan,6.13539464689
-19.1228070175,nan,6.18411764719
-19.0977443609,nan,6.23346237572
-19.0726817043,nan,6.28344321875
-19.0476190476,nan,6.334075083
-19.022556391,nan,6.38537342114
-18.9974937343,nan,6.43735425892
-18.9724310777,nan,6.490034224
-18.9473684211,nan,6.54343057656
-18.9223057644,nan,6.59756124194
-18.8972431078,nan,6.65244484541
-18.8721804511,nan,6.70810074921
-18.8471177945,nan,6.76454909206
-18.8220551378,nan,6.82181083142
-18.7969924812,nan,6.87990778859
-18.7719298246,nan,6.938862697
-18.7468671679,nan,6.9986992539
-18.7218045113,nan,7.05944217581
-18.6967418546,nan,7.1211172579
-18.671679198,nan,7.1837514379
-18.6466165414,nan,7.24737286472
-18.6215538847,nan,7.31201097233
-18.5964912281,nan,7.37769655933
-18.5714285714,nan,7.44446187482
-18.5463659148,nan,7.51234071112
-18.5213032581,nan,7.58136850395
-18.4962406015,nan,7.65158244097
-18.4711779449,nan,7.72302157939
-18.4461152882,nan,7.79572697356
-18.4210526316,nan,7.86974181371
-18.3959899749,nan,7.94511157694
-18.3709273183,nan,8.02188419173
-18.3458646617,nan,8.10011021756
-18.320802005,nan,8.17984304129
-18.2957393484,nan,8.26113909218
-18.2706766917,nan,8.34405807776
-18.2456140351,nan,8.42866324302
-18.2205513784,nan,8.51502165567
-18.1954887218,nan,8.60320452083
-18.1704260652,nan,8.69328752872
-18.1453634085,nan,8.78535123968
-18.1203007519,nan,8.87948151138
-18.0952380952,nan,8.97576997394
-18.0701754386,nan,9.07431455956
-18.045112782,nan,9.17522009426
-18.0200501253,nan,9.27859896078
-17.9949874687,nan,9.38457184314
-17.969924812,nan,9.49326856516
-17.9448621554,nan,9.60482903762
-17.9197994987,nan,9.7194043314
-17.8947368421,nan,9.83715789721
-17.8696741855,nan,9.95826695665
-17.8446115288,nan,10.0829240943
-17.8195488722,nan,10.2113390867
-17.7944862155,nan,10.3437410119
-17.7694235589,nan,10.4803806933
-17.7443609023,nan,10.6215335416
-17.7192982456,nan,10.7675028785
-17.694235589,nan,10.9186238402
-17.6691729323,nan,11.0752679894
-17.6441102757,nan,11.2378487932
-17.619047619,nan,11.4068281722
-17.5939849624,nan,11.5827243804
-17.5689223058,nan,11.766121556
-17.5438596491,nan,11.957681385
-17.5187969925,nan,12.1581574666
-17.4937343358,nan,12.3684131674
-17.4686716792,nan,12.589444032
-17.4436090226,nan,12.8224062235
-17.4185463659,nan,13.0686530488
-17.3934837093,nan,13.3297824963
-17.3684210526,nan,13.6077000271
-17.343358396,nan,13.904702896
-17.3182957393,nan,14.2235955208
-17.2932330827,nan,14.5678507139
-17.2681704261,nan,14.9418405603
-17.2431077694,nan,15.3511764869
-17.2180451128,nan,15.8032270251
-17.1929824561,nan,16.3079378293
-17.1679197995,nan,16.8791940203
-17.1428571429,nan,17.5372218062
-17.1177944862,nan,18.3131550066
-17.0927318296,nan,19.2586344658
-17.0676691729,nan,20.4690328572
-17.0426065163,nan,22.1531086811
-17.0175438596,nan,24.9408703492
-16.992481203,nan,34.9458840235
-16.9674185464,nan,nan
-16.9423558897,nan,nan
-16.9172932331,nan,nan
-16.8922305764,nan,nan
-16.8671679198,nan,nan
-16.8421052632,nan,nan
-16.8170426065,nan,nan
-16.7919799499,nan,nan
-16.7669172932,nan,nan
-16.7418546366,nan,nan
-16.7167919799,nan,nan
-16.6917293233,nan,nan
-16.6666666667,nan,nan
-16.64160401,nan,nan
-16.6165413534,nan,nan
-16.5914786967,nan,nan
-16.5664160401,nan,nan
-16.5413533835,nan,nan
-16.5162907268,nan,nan
-16.4912280702,nan,nan
-16.4661654135,nan,nan
-16.4411027569,nan,nan
-16.4160401003,nan,nan
-16.3909774436,nan,nan
-16.365914787,nan,nan
-16.3408521303,nan,nan
-16.3157894737,nan,nan
-16.290726817,nan,nan
-16.2656641604,nan,nan
-16.2406015038,nan,nan
-16.2155388471,nan,nan
-16.1904761905,nan,nan
-16.1654135338,nan,nan
-16.1403508772,nan,nan
-16.1152882206,nan,nan
-16.0902255639,nan,nan
-16.0651629073,nan,nan
-16.0401002506,nan,nan
-16.015037594,nan,nan
-15.9899749373,nan,nan
-15.9649122807,nan,nan
-15.9398496241,nan,nan
-15.9147869674,nan,nan
-15.8897243108,nan,nan
-15.8646616541,nan,nan
-15.8395989975,nan,nan
-15.8145363409,nan,nan
-15.7894736842,nan,nan
-15.7644110276,nan,nan
-15.7393483709,nan,nan
-15.7142857143,nan,nan
-15.6892230576,nan,nan
-15.664160401,nan,nan
-15.6390977444,nan,nan
-15.6140350877,nan,nan
-15.5889724311,nan,nan
-15.5639097744,nan,nan
-15.5388471178,nan,nan
-15.5137844612,nan,nan
-15.4887218045,nan,nan
-15.4636591479,nan,nan
-15.4385964912,nan,nan
-15.4135338346,nan,nan
-15.3884711779,nan,nan
-15.3634085213,nan,nan
-15.3383458647,nan,nan
-15.313283208,nan,nan
-15.2882205514,nan,nan
-15.2631578947,nan,nan
-15.2380952381,nan,nan
-15.2130325815,nan,nan
-15.1879699248,nan,nan
-15.1629072682,nan,nan
-15.1378446115,nan,nan
-15.1127819549,nan,nan
-15.0877192982,nan,nan
-15.0626566416,nan,nan
-15.037593985,nan,nan
-15.0125313283,nan,nan
-14.9874686717,nan,nan
-14.962406015,nan,nan
-14.9373433584,nan,nan
-14.9122807018,nan,nan
-14.8872180451,nan,nan
-14.8621553885,nan,nan
-14.8370927318,nan,nan
-14.8120300752,nan,nan
-14.7869674185,nan,nan
-14.7619047619,nan,nan
-14.7368421053,nan,nan
-14.7117794486,nan,nan
-14.686716792,nan,nan
-14.6616541353,nan,nan
-14.6365914787,nan,nan
-14.6115288221,nan,nan
-14.5864661654,nan,nan
-14.5614035088,nan,nan
-14.5363408521,nan,nan
-14.5112781955,nan,nan
-14.4862155388,nan,nan
-14.4611528822,nan,nan
-14.4360902256,nan,nan
-14.4110275689,nan,nan
-14.3859649123,nan,nan
-14.3609022556,nan,nan
-14.335839599,nan,nan
-14.3107769424,nan,nan
-14.2857142857,nan,nan
-14.2606516291,nan,nan
-14.2355889724,nan,nan
-14.2105263158,nan,nan
-14.1854636591,nan,nan
-14.1604010025,nan,nan
-14.1353383459,nan,nan
-14.1102756892,nan,nan
-14.0852130326,nan,nan
-14.0601503759,nan,nan
-14.0350877193,nan,nan
-14.0100250627,nan,nan
-13.984962406,nan,nan
-13.9598997494,nan,nan
-13.9348370927,nan,nan
-13.9097744361,nan,nan
-13.8847117794,nan,nan
-13.8596491228,nan,nan
-13.8345864662,nan,nan
-13.8095238095,nan,nan
-13.7844611529,nan,nan
-13.7593984962,nan,nan
-13.7343358396,nan,nan
-13.709273183,nan,nan
-13.6842105263,nan,nan
-13.6591478697,nan,nan
-13.634085213,nan,nan
-13.6090225564,nan,nan
-13.5839598997,nan,nan
-13.5588972431,nan,nan
-13.5338345865,nan,nan
-13.5087719298,nan,nan
-13.4837092732,nan,nan
-13.4586466165,nan,nan
-13.4335839599,nan,nan
-13.4085213033,nan,nan
-13.3834586466,nan,nan
-13.35839599,nan,nan
-13.3333333333,nan,nan
-13.3082706767,nan,nan
-13.2832080201,nan,nan
-13.2581453634,nan,nan
-13.2330827068,nan,nan
-13.2080200501,nan,nan
-13.1829573935,nan,nan
-13.1578947368,nan,nan
-13.1328320802,nan,nan
-13.1077694236,nan,nan
-13.0827067669,nan,nan
-13.0576441103,nan,nan
-13.0325814536,nan,nan
-13.007518797,nan,nan
-12.9824561404,nan,nan
-12.9573934837,nan,nan
-12.9323308271,nan,nan
-12.9072681704,nan,nan
-12.8822055138,nan,nan
-12.8571428571,nan,nan
-12.8320802005,nan,nan
-12.8070175439,nan,nan
-12.7819548872,nan,nan
-12.7568922306,nan,nan
-12.7318295739,nan,nan
-12.7067669173,nan,nan
-12.6817042607,nan,nan
-12.656641604,nan,nan
-12.6315789474,nan,nan
-12.6065162907,nan,nan
-12.5814536341,nan,nan
-12.5563909774,nan,nan
-12.5313283208,nan,nan
-12.5062656642,nan,nan
-12.4812030075,nan,nan
-12.4561403509,nan,nan
-12.4310776942,nan,nan
-12.4060150376,nan,nan
-12.380952381,nan,nan
-12.3558897243,nan,nan
-12.3308270677,nan,nan
-12.305764411,nan,nan
-12.2807017544,nan,nan
-12.2556390977,nan,nan
-12.2305764411,nan,nan
-12.2055137845,nan,nan
-12.1804511278,nan,nan
-12.1553884712,nan,nan
-12.1303258145,nan,nan
-12.1052631579,nan,nan
-12.0802005013,nan,nan
-12.0551378446,nan,nan
-12.030075188,nan,nan
-12.0050125313,nan,nan
-11.9799498747,nan,nan
-11.954887218,nan,nan
-11.9298245614,nan,nan
-11.9047619048,nan,nan
-11.8796992481,nan,nan
-11.8546365915,nan,nan
-11.8295739348,nan,nan
-11.8045112782,nan,nan
-11.7794486216,nan,nan
-11.7543859649,nan,nan
-11.7293233083,nan,nan
-11.7042606516,nan,nan
-11.679197995,nan,nan
-11.6541353383,nan,nan
-11.6290726817,nan,nan
-11.6040100251,nan,nan
-11.5789473684,nan,nan
-11.5538847118,nan,nan
-11.5288220551,nan,nan
-11.5037593985,nan,nan
-11.4786967419,nan,nan
-11.4536340852,nan,nan
-11.4285714286,nan,nan
-11.4035087719,nan,nan
-11.3784461153,nan,nan
-11.3533834586,nan,nan
-11.328320802,nan,nan
-11.3032581454,nan,nan
-11.2781954887,nan,nan
-11.2531328321,nan,nan
-11.2280701754,nan,nan
-11.2030075188,nan,nan
-11.1779448622,nan,nan
-11.1528822055,nan,nan
-11.1278195489,nan,nan
-11.1027568922,nan,nan
-11.0776942356,nan,nan
-11.0526315789,nan,nan
-11.0275689223,nan,nan
-11.0025062657,nan,nan
-10.977443609,nan,nan
-10.9523809524,nan,nan
-10.9273182957,nan,nan
-10.9022556391,nan,nan
-10.8771929825,nan,nan
-10.8521303258,nan,nan
-10.8270676692,nan,nan
-10.8020050125,nan,nan
-10.7769423559,nan,nan
-10.7518796992,nan,nan
-10.7268170426,nan,nan
-10.701754386,nan,nan
-10.6766917293,nan,nan
-10.6516290727,nan,nan
-10.626566416,nan,nan
-10.6015037594,nan,nan
-10.5764411028,nan,nan
-10.5513784461,nan,nan
-10.5263157895,nan,nan
-10.5012531328,nan,nan
-10.4761904762,nan,nan
-10.4511278195,nan,nan
-10.4260651629,nan,nan
-10.4010025063,nan,nan
-10.3759398496,nan,nan
-10.350877193,nan,nan
-10.3258145363,nan,nan
-10.3007518797,nan,nan
-10.2756892231,nan,nan
-10.2506265664,nan,nan
-10.2255639098,nan,nan
-10.2005012531,nan,nan
-10.1754385965,nan,nan
-10.1503759398,nan,nan
-10.1253132832,nan,nan
-10.1002506266,nan,nan
-10.0751879699,nan,nan
-10.0501253133,nan,nan
-10.0250626566,nan,nan
-10,nan,nan
